Product_ID,Product_Name,Stock_Quantity,Sales_Volume,Date_Received,Last_Order_Date,Expiration_Date,Shelf_Life_Days,Expiry_Days_Left,Predicted_Sales,Expiry_Status
29-205-1132,Sushi Rice,22,32,16-08-2024,29-06-2024,19-09-2024,34.0,-405,325.0644018,✅ Safe
40-681-9981,Arabica Coffee,45,85,01-11-2024,29-05-2024,08-05-2024,,-539,373.8965892,⚠️ Unknown Shelf Life
06-955-3428,Black Rice,30,31,03-08-2024,10-06-2024,22-09-2024,50.0,-402,441.6235088,✅ Safe
71-594-6552,Long Grain Rice,12,95,08-12-2024,19-02-2025,17-04-2024,,-560,239.0972269,⚠️ Unknown Shelf Life
57-437-1828,Plum,37,62,03-07-2024,11-10-2024,05-10-2024,94.0,-389,425.9229179,✅ Safe
21-120-6238,All-Purpose Flour,55,34,03-12-2024,26-05-2024,05-09-2024,,-419,561.8739233,⚠️ Unknown Shelf Life
71-516-1996,Corn Oil,96,67,18-03-2024,07-05-2024,20-06-2024,94.0,-496,357.5611631,✅ Safe
39-629-5554,Egg (Goose),44,21,03-02-2025,09-04-2024,05-02-2025,2.0,-266,423.7370881,⚠️ Short Shelf Life
66-268-8345,Greek Yogurt,91,56,04-12-2024,02-06-2024,08-01-2025,35.0,-294,383.9981383,✅ Safe
46-452-9419,Egg (Duck),43,27,18-11-2024,14-11-2024,08-07-2024,,-478,442.9710551,⚠️ Unknown Shelf Life
51-469-4611,Long Grain Rice,62,100,18-12-2024,24-05-2024,07-01-2025,20.0,-295,239.0972269,⚠️ Unknown Shelf Life
42-220-9305,White Sugar,91,100,19-10-2024,11-12-2024,14-10-2024,,-380,380.5930022,⚠️ Unknown Shelf Life
75-094-1179,Rye Bread,26,47,13-12-2024,09-02-2025,18-07-2024,,-468,413.4783107,⚠️ Unknown Shelf Life
11-073-0189,Plum,95,69,05-04-2024,21-09-2024,06-05-2024,31.0,-541,425.9229179,✅ Safe
22-621-2774,Strawberries,54,63,11-03-2024,30-06-2024,14-06-2024,95.0,-502,658.0002286,✅ Safe
39-449-0772,Feta Cheese,94,20,27-02-2024,02-04-2024,05-10-2024,221.0,-389,412.776759,✅ Safe
55-936-2406,Bread Flour,27,66,16-11-2024,09-03-2024,05-04-2024,,-572,371.6149565,⚠️ Unknown Shelf Life
82-041-7211,Swiss Cheese,49,78,10-09-2024,19-05-2024,01-07-2024,,-485,448.2867406,⚠️ Unknown Shelf Life
48-414-6162,Arabica Coffee,55,46,29-05-2024,08-11-2024,05-05-2024,,-542,373.8965892,⚠️ Unknown Shelf Life
76-854-0095,White Sugar,65,29,31-05-2024,08-02-2025,28-12-2024,211.0,-305,380.5930022,⚠️ Unknown Shelf Life
25-349-7974,Spinach,72,82,07-10-2024,28-05-2024,22-06-2024,,-494,321.6063666,⚠️ Unknown Shelf Life
66-627-9752,Trout,49,52,17-08-2024,01-10-2024,03-09-2024,17.0,-421,791.3447442,✅ Safe
78-614-4402,Green Beans,81,20,30-09-2024,14-02-2025,25-04-2024,,-552,252.4483422,⚠️ Unknown Shelf Life
67-025-1245,Cabbage,88,73,09-04-2024,06-03-2024,12-08-2024,125.0,-443,390.2796614,✅ Safe
68-418-6724,Parmesan Cheese,63,59,21-12-2024,13-01-2025,30-09-2024,,-394,395.576185,⚠️ Unknown Shelf Life
40-795-0753,Raw Sugar,31,46,28-05-2024,22-02-2025,30-05-2024,2.0,-517,379.8621986,⚠️ Short Shelf Life
02-508-3777,Egg (Quail),97,97,05-11-2024,07-07-2024,26-06-2024,,-490,700.0190796,⚠️ Unknown Shelf Life
79-741-0770,Mushrooms,72,94,24-06-2024,24-02-2025,17-03-2024,,-591,474.4229535,⚠️ Unknown Shelf Life
31-211-5803,Oatmeal Biscuit,16,50,16-07-2024,21-08-2024,07-02-2025,206.0,-264,341.9721863,✅ Safe
16-499-5059,Pear,77,61,18-08-2024,19-11-2024,20-12-2024,124.0,-313,371.916583,✅ Safe
76-340-4432,Cucumber,19,31,03-05-2024,28-03-2024,06-03-2024,,-602,503.6275588,⚠️ Unknown Shelf Life
38-732-7667,Pineapple,18,42,23-08-2024,13-10-2024,28-09-2024,36.0,-396,423.9910042,✅ Safe
04-240-2226,Olive Oil,47,42,13-08-2024,28-06-2024,05-03-2024,,-603,448.378783,⚠️ Unknown Shelf Life
79-136-9840,Herbal Tea,77,25,05-11-2024,19-08-2024,23-06-2024,,-493,431.9921296,⚠️ Unknown Shelf Life
73-401-5721,Haddock,46,65,28-05-2024,28-10-2024,26-12-2024,212.0,-307,360.9852506,✅ Safe
91-848-0606,Onion,39,60,11-06-2024,23-07-2024,28-10-2024,139.0,-366,365.8198818,✅ Safe
54-109-8062,Sushi Rice,75,43,11-07-2024,19-01-2025,16-02-2025,220.0,-255,325.0644018,✅ Safe
70-612-2531,Pineapple,48,51,17-03-2024,25-01-2025,30-10-2024,227.0,-364,423.9910042,✅ Safe
26-161-6692,Zucchini,61,79,22-12-2024,07-09-2024,19-09-2024,,-405,271.888665,⚠️ Unknown Shelf Life
43-893-5408,Short Grain Rice,60,47,21-01-2025,20-03-2024,24-08-2024,,-431,434.9630961,⚠️ Unknown Shelf Life
11-316-8405,Mango,24,39,26-04-2024,24-02-2025,25-11-2024,213.0,-338,364.7507447,✅ Safe
34-086-3222,Lemon,12,66,24-06-2024,25-12-2024,05-06-2024,,-511,360.7912653,⚠️ Unknown Shelf Life
21-816-1004,Black Coffee,84,25,26-01-2025,04-12-2024,22-07-2024,,-464,461.2992648,⚠️ Unknown Shelf Life
43-693-2092,Butter,51,40,30-04-2024,21-10-2024,22-09-2024,145.0,-402,358.3904348,✅ Safe
63-270-7076,Multigrain Bread,65,32,21-04-2024,12-06-2024,24-01-2025,278.0,-278,352.8990429,✅ Safe
90-230-9767,Long Grain Rice,67,66,06-04-2024,01-05-2024,17-11-2024,225.0,-346,239.0972269,⚠️ Unknown Shelf Life
05-334-2923,Bread Flour,14,37,18-08-2024,22-11-2024,16-05-2024,,-531,371.6149565,⚠️ Unknown Shelf Life
52-481-5224,Kiwi,45,44,21-01-2025,07-02-2025,15-02-2025,25.0,-256,139.9997334,✅ Safe
11-325-7396,Mango,92,24,28-07-2024,18-10-2024,26-03-2024,,-582,364.7507447,✅ Safe
70-854-6891,Sourdough Bread,41,42,28-01-2025,28-11-2024,12-11-2024,,-351,382.1733715,⚠️ Unknown Shelf Life
46-520-1819,Short Grain Rice,41,38,04-07-2024,04-10-2024,15-05-2024,,-532,434.9630961,⚠️ Unknown Shelf Life
91-105-7317,Orange,85,95,20-03-2024,28-12-2024,02-02-2025,319.0,-269,459.5043036,✅ Safe
40-751-8635,Pineapple,44,96,30-08-2024,17-10-2024,05-03-2024,,-603,423.9910042,✅ Safe
02-920-4829,White Bread,92,61,19-10-2024,14-06-2024,22-05-2024,,-525,481.9265346,⚠️ Unknown Shelf Life
36-918-2937,Green Coffee,62,35,12-03-2024,12-02-2025,28-11-2024,261.0,-335,432.3435995,✅ Safe
68-761-6907,Zucchini,26,57,28-07-2024,21-07-2024,02-02-2025,189.0,-269,271.888665,⚠️ Unknown Shelf Life
69-468-5468,Sourdough Bread,59,32,03-11-2024,10-06-2024,26-11-2024,23.0,-337,382.1733715,⚠️ Unknown Shelf Life
27-635-8394,Orange,88,63,03-02-2025,13-11-2024,19-03-2024,,-589,459.5043036,✅ Safe
41-729-5410,Sardines,91,30,23-10-2024,05-04-2024,26-06-2024,,-490,423.0654594,⚠️ Unknown Shelf Life
33-335-9140,Olive Oil,28,38,24-10-2024,20-08-2024,27-08-2024,,-428,448.378783,⚠️ Unknown Shelf Life
11-581-9869,Carrot,51,44,01-05-2024,12-12-2024,26-09-2024,148.0,-398,382.8071703,✅ Safe
78-237-0277,Black Tea,46,64,15-09-2024,23-09-2024,13-01-2025,120.0,-289,434.6932809,✅ Safe
75-152-8731,Pear,82,30,11-04-2024,12-11-2024,08-08-2024,119.0,-447,371.916583,✅ Safe
65-718-0492,Olive Oil,100,84,05-05-2024,23-01-2025,16-02-2025,287.0,-255,448.378783,⚠️ Unknown Shelf Life
55-697-5242,Ricotta Cheese,51,54,31-01-2025,30-06-2024,24-09-2024,,-400,391.3243601,⚠️ Unknown Shelf Life
14-844-4138,Black Coffee,61,67,03-02-2025,25-10-2024,03-03-2024,,-605,461.2992648,⚠️ Unknown Shelf Life
20-225-3930,White Tea,99,93,08-12-2024,29-02-2024,17-03-2024,,-591,445.4706326,⚠️ Unknown Shelf Life
66-993-4234,Cucumber,13,44,18-07-2024,16-01-2025,24-06-2024,,-492,503.6275588,⚠️ Unknown Shelf Life
87-762-1317,Mozzarella Cheese,45,83,28-01-2025,20-11-2024,09-02-2025,12.0,-262,387.0535864,✅ Safe
81-844-2979,Broccoli,73,47,24-09-2024,15-01-2025,11-05-2024,,-536,660.352661,⚠️ Unknown Shelf Life
44-408-7594,Eggplant,39,51,24-11-2024,01-05-2024,08-01-2025,45.0,-294,257.4258526,✅ Safe
26-010-9519,Trout,29,85,03-05-2024,26-11-2024,09-01-2025,251.0,-293,791.3447442,✅ Safe
65-464-5070,Heavy Cream,12,20,03-02-2025,16-03-2024,01-09-2024,,-423,474.1291691,⚠️ Unknown Shelf Life
07-970-9352,Bell Pepper,96,74,10-03-2024,16-05-2024,12-07-2024,124.0,-474,416.2354092,✅ Safe
88-746-9468,Onion,35,76,25-11-2024,03-02-2025,14-11-2024,,-349,365.8198818,✅ Safe
06-336-5482,Sardines,89,60,31-12-2024,08-03-2024,24-08-2024,,-431,423.0654594,⚠️ Unknown Shelf Life
03-276-3931,Mango,60,26,30-06-2024,18-09-2024,20-12-2024,173.0,-313,364.7507447,✅ Safe
39-232-5341,Arborio Rice,20,50,21-09-2024,24-10-2024,15-02-2025,147.0,-256,511.0002497,✅ Safe
12-239-9399,Potato,28,30,14-12-2024,29-07-2024,27-10-2024,,-367,25.07746456,⚠️ Unknown Shelf Life
75-080-4909,Corn Oil,20,86,09-12-2024,12-04-2024,09-09-2024,,-415,357.5611631,✅ Safe
70-815-4015,Butter Biscuit,38,67,10-12-2024,15-07-2024,30-08-2024,,-425,413.0836426,⚠️ Unknown Shelf Life
11-032-9778,Peas,99,50,13-12-2024,27-01-2025,19-08-2024,,-436,476.6133019,⚠️ Unknown Shelf Life
54-374-9986,Cream,92,72,03-06-2024,22-10-2024,21-03-2024,,-587,482.8654731,⚠️ Unknown Shelf Life
77-312-6317,Spinach,41,59,26-02-2024,13-09-2024,01-10-2024,218.0,-393,321.6063666,⚠️ Unknown Shelf Life
13-844-2178,Sardines,44,90,05-09-2024,21-09-2024,24-03-2024,,-584,423.0654594,⚠️ Unknown Shelf Life
22-141-9798,White Sugar,47,29,18-05-2024,20-09-2024,30-04-2024,,-547,380.5930022,⚠️ Unknown Shelf Life
20-022-3173,Bread Flour,21,38,08-10-2024,10-11-2024,22-02-2025,137.0,-249,371.6149565,⚠️ Unknown Shelf Life
26-177-5690,Cucumber,85,64,06-03-2024,15-07-2024,21-01-2025,321.0,-281,503.6275588,⚠️ Unknown Shelf Life
70-871-4536,Swiss Cheese,29,59,19-01-2025,13-11-2024,17-06-2024,,-499,448.2867406,⚠️ Unknown Shelf Life
06-611-5454,Peanut Oil,64,51,30-01-2025,11-10-2024,16-11-2024,,-347,428.7018621,⚠️ Unknown Shelf Life
89-543-3456,Blueberries,66,24,28-02-2024,22-06-2024,06-02-2025,344.0,-265,473.717321,✅ Safe
82-395-5070,Chocolate Biscuit,75,69,09-07-2024,17-02-2025,20-02-2025,226.0,-251,650.0817596,✅ Safe
14-305-5348,Cheese,53,56,02-08-2024,12-10-2024,20-03-2024,,-588,407.701073,⚠️ Unknown Shelf Life
82-243-3180,Palm Oil,43,33,23-06-2024,31-07-2024,11-02-2025,233.0,-260,403.3099576,✅ Safe
25-010-9478,Eggplant,74,82,09-08-2024,13-10-2024,31-07-2024,,-455,257.4258526,✅ Safe
13-202-4809,Garlic,27,91,01-05-2024,28-07-2024,20-05-2024,19.0,-527,527.7183619,✅ Safe
67-270-7464,Jasmine Rice,91,51,01-02-2025,24-08-2024,07-12-2024,,-326,227.4875772,⚠️ Unknown Shelf Life
11-733-1756,Rice Flour,52,95,28-08-2024,27-11-2024,24-02-2025,180.0,-247,364.4135974,✅ Safe
80-988-4653,Zucchini,43,66,20-04-2024,14-09-2024,19-04-2024,,-558,271.888665,⚠️ Unknown Shelf Life
60-343-7973,Multigrain Bread,56,67,15-04-2024,29-04-2024,09-04-2024,,-568,352.8990429,✅ Safe
34-861-4446,Ricotta Cheese,66,43,27-11-2024,18-01-2025,06-01-2025,40.0,-296,391.3243601,⚠️ Unknown Shelf Life
67-710-5120,Bread Flour,84,92,29-10-2024,29-12-2024,25-02-2024,,-612,371.6149565,⚠️ Unknown Shelf Life
49-891-4927,Cottage Cheese,37,68,02-01-2025,26-02-2024,28-11-2024,,-335,482.2428043,⚠️ Unknown Shelf Life
55-522-8242,Whipped Cream,29,60,08-11-2024,30-03-2024,07-09-2024,,-417,397.2204151,⚠️ Unknown Shelf Life
62-509-0666,Almond Flour,13,24,28-07-2024,15-05-2024,03-07-2024,,-483,281.3810891,⚠️ Unknown Shelf Life
64-478-4745,Lemon,63,56,04-06-2024,20-04-2024,19-11-2024,168.0,-344,360.7912653,⚠️ Unknown Shelf Life
35-835-5591,Tilapia,95,61,17-11-2024,05-06-2024,08-03-2024,,-600,580.0704633,⚠️ Unknown Shelf Life
26-690-3784,Lettuce,58,53,02-10-2024,14-10-2024,06-04-2024,,-571,310.1859413,⚠️ Unknown Shelf Life
67-546-1568,Peanut Oil,57,56,04-06-2024,16-06-2024,28-03-2024,,-580,428.7018621,⚠️ Unknown Shelf Life
67-625-9704,Sardines,33,98,03-06-2024,26-09-2024,18-07-2024,45.0,-468,423.0654594,⚠️ Unknown Shelf Life
31-969-4614,Arabica Coffee,62,23,08-09-2024,06-06-2024,15-01-2025,129.0,-287,373.8965892,⚠️ Unknown Shelf Life
50-364-5828,Coconut,89,38,15-08-2024,14-06-2024,23-12-2024,130.0,-310,345.5123411,✅ Safe
61-827-4098,Cod,23,63,01-02-2025,15-07-2024,24-03-2024,,-584,486.2174759,⚠️ Unknown Shelf Life
87-698-0944,Banana,56,35,17-09-2024,27-08-2024,02-02-2025,138.0,-269,460.7257924,✅ Safe
36-636-4873,Black Rice,86,80,25-03-2024,17-01-2025,30-05-2024,66.0,-517,441.6235088,✅ Safe
98-556-5323,Pomegranate,60,96,13-05-2024,12-08-2024,27-08-2024,106.0,-428,456.4084181,✅ Safe
97-772-2336,Pineapple,70,44,13-08-2024,03-02-2025,14-07-2024,,-472,423.9910042,✅ Safe
19-047-4239,Peach,47,93,21-05-2024,30-03-2024,30-04-2024,,-547,449.8324411,⚠️ Unknown Shelf Life
41-316-8427,Arborio Rice,95,60,26-11-2024,06-09-2024,21-09-2024,,-403,511.0002497,✅ Safe
15-907-3681,Plum,20,61,28-11-2024,27-01-2025,20-02-2025,84.0,-251,425.9229179,✅ Safe
14-305-9690,Sushi Rice,19,58,30-08-2024,29-06-2024,10-03-2024,,-598,325.0644018,✅ Safe
40-860-4532,Arabica Coffee,74,83,15-11-2024,27-02-2024,05-02-2025,82.0,-266,373.8965892,⚠️ Unknown Shelf Life
44-552-3909,Pear,61,24,08-10-2024,26-02-2024,19-01-2025,103.0,-283,371.916583,✅ Safe
75-029-9003,Sourdough Bread,34,28,16-05-2024,07-10-2024,01-04-2024,,-576,382.1733715,⚠️ Unknown Shelf Life
74-587-2065,Pear,29,31,27-10-2024,20-02-2025,02-03-2024,,-606,371.916583,✅ Safe
70-149-6756,Heavy Cream,14,28,21-04-2024,06-01-2025,26-06-2024,66.0,-490,474.1291691,⚠️ Unknown Shelf Life
29-896-7926,White Rice,20,62,06-01-2025,01-06-2024,06-05-2024,,-541,493.271631,⚠️ Unknown Shelf Life
54-822-9009,Cauliflower,40,21,25-10-2024,08-06-2024,03-01-2025,70.0,-299,479.4498714,✅ Safe
84-075-7647,Canola Oil,91,43,27-04-2024,21-10-2024,22-02-2025,301.0,-249,457.3446442,✅ Safe
88-602-8210,Avocado Oil,99,94,22-06-2024,19-06-2024,28-09-2024,98.0,-396,352.6690113,✅ Safe
04-542-3863,Bread Flour,34,49,09-10-2024,11-12-2024,22-12-2024,74.0,-311,371.6149565,⚠️ Unknown Shelf Life
57-613-5779,Gouda Cheese,100,20,19-06-2024,11-03-2024,29-08-2024,71.0,-426,525.108255,✅ Safe
90-737-0044,Black Rice,79,26,10-12-2024,17-01-2025,17-05-2024,,-530,441.6235088,✅ Safe
28-956-1320,Greek Yogurt,62,50,23-05-2024,18-10-2024,05-09-2024,105.0,-419,383.9981383,✅ Safe
87-791-5803,Tuna,25,36,04-07-2024,09-03-2024,01-09-2024,59.0,-423,295.9060351,✅ Safe
14-521-4167,Buttermilk,47,48,13-05-2024,29-06-2024,06-03-2024,,-602,306.632489,⚠️ Unknown Shelf Life
51-572-5497,Orange,15,56,31-08-2024,13-02-2025,28-04-2024,,-549,459.5043036,✅ Safe
28-840-6096,Pomegranate,19,59,09-09-2024,14-02-2025,12-09-2024,3.0,-412,456.4084181,✅ Safe
44-538-3366,Tuna,58,25,11-09-2024,17-04-2024,30-03-2024,,-578,295.9060351,✅ Safe
51-459-5630,Sour Cream,11,84,02-08-2024,29-09-2024,14-12-2024,134.0,-319,160.9998443,✅ Safe
02-655-3240,Rice Flour,99,36,25-10-2024,21-05-2024,20-06-2024,,-496,364.4135974,✅ Safe
42-887-6557,Long Grain Rice,26,76,23-09-2024,10-07-2024,30-03-2024,,-578,239.0972269,⚠️ Unknown Shelf Life
96-316-7600,Bell Pepper,70,23,31-07-2024,27-07-2024,07-07-2024,,-479,416.2354092,✅ Safe
58-063-8633,Bell Pepper,50,69,21-07-2024,30-06-2024,22-09-2024,63.0,-402,416.2354092,✅ Safe
43-703-9939,Pineapple,55,81,08-05-2024,22-05-2024,17-02-2025,285.0,-254,423.9910042,✅ Safe
88-069-5486,Cod,31,41,23-05-2024,13-07-2024,01-05-2024,,-546,486.2174759,⚠️ Unknown Shelf Life
74-845-3299,Green Tea,63,93,18-08-2024,12-02-2025,29-04-2024,,-548,400.1817015,⚠️ Unknown Shelf Life
81-605-6246,Sardines,73,22,26-01-2025,02-03-2024,06-03-2024,,-602,423.0654594,⚠️ Unknown Shelf Life
73-561-2867,Sourdough Bread,12,75,10-10-2024,29-06-2024,29-09-2024,,-395,382.1733715,⚠️ Unknown Shelf Life
19-967-0632,Short Grain Rice,53,44,14-08-2024,04-02-2025,06-11-2024,84.0,-357,434.9630961,⚠️ Unknown Shelf Life
23-070-2433,Powdered Sugar,68,69,08-08-2024,11-04-2024,28-12-2024,142.0,-305,393.2003172,✅ Safe
27-262-2437,Swiss Cheese,80,54,26-08-2024,20-11-2024,09-10-2024,44.0,-385,448.2867406,⚠️ Unknown Shelf Life
39-479-5147,Tuna,92,40,24-12-2024,18-08-2024,04-04-2024,,-573,295.9060351,✅ Safe
71-085-4290,Cucumber,31,91,26-08-2024,07-10-2024,04-12-2024,100.0,-329,503.6275588,⚠️ Unknown Shelf Life
48-957-6116,Eggplant,31,46,30-05-2024,16-05-2024,05-08-2024,67.0,-450,257.4258526,✅ Safe
83-917-7384,Garlic,76,52,27-03-2024,24-08-2024,11-05-2024,45.0,-536,527.7183619,✅ Safe
26-031-8070,Vegetable Oil,57,89,25-07-2024,25-05-2024,19-04-2024,,-558,305.1998595,⚠️ Unknown Shelf Life
03-149-9760,Whipped Cream,92,43,19-02-2025,13-07-2024,26-03-2024,,-582,397.2204151,⚠️ Unknown Shelf Life
53-680-5293,Cheddar Cheese,88,79,28-05-2024,31-05-2024,24-08-2024,88.0,-431,445.8193389,✅ Safe
49-861-7823,Coconut,99,41,16-07-2024,13-07-2024,10-08-2024,25.0,-445,345.5123411,✅ Safe
24-364-3341,Egg (Turkey),44,51,29-07-2024,11-04-2024,25-09-2024,58.0,-399,440.8905708,✅ Safe
80-374-5711,Herbal Tea,48,70,28-01-2025,05-10-2024,07-12-2024,,-326,431.9921296,⚠️ Unknown Shelf Life
76-325-9093,Sesame Oil,27,29,18-04-2024,19-10-2024,18-12-2024,244.0,-315,362.7304569,✅ Safe
30-429-2162,Black Rice,34,90,03-10-2024,06-12-2024,15-01-2025,104.0,-287,441.6235088,✅ Safe
53-446-8243,Orange,41,88,04-02-2025,26-07-2024,23-04-2024,,-554,459.5043036,✅ Safe
67-473-7093,Black Tea,56,52,10-12-2024,20-03-2024,19-04-2024,,-558,434.6932809,✅ Safe
98-235-2711,Asparagus,22,98,12-09-2024,31-12-2024,26-01-2025,136.0,-276,438.1375163,✅ Safe
07-219-8017,Palm Oil,40,71,31-10-2024,13-08-2024,08-11-2024,8.0,-355,403.3099576,✅ Safe
97-040-3822,Swiss Cheese,50,42,12-05-2024,23-08-2024,17-05-2024,5.0,-530,448.2867406,⚠️ Unknown Shelf Life
10-002-6494,Mango,89,46,02-03-2024,08-07-2024,11-11-2024,254.0,-352,364.7507447,✅ Safe
12-998-3882,Egg (Turkey),76,69,01-10-2024,17-08-2024,26-05-2024,,-521,440.8905708,✅ Safe
31-746-4951,Whole Wheat Flour,67,30,03-04-2024,20-05-2024,06-09-2024,156.0,-418,373.9211527,✅ Safe
87-097-5691,Robusta Coffee,62,62,08-04-2024,29-08-2024,26-03-2024,,-582,363.5477535,⚠️ Unknown Shelf Life
34-075-0371,Watermelon,75,90,11-09-2024,10-01-2025,03-12-2024,83.0,-330,576.827864,✅ Safe
40-810-9261,Green Coffee,75,33,26-06-2024,09-12-2024,23-05-2024,,-524,432.3435995,✅ Safe
46-931-6897,Cream,29,64,21-09-2024,15-06-2024,15-09-2024,,-409,482.8654731,⚠️ Unknown Shelf Life
58-182-6781,Oatmeal Biscuit,34,77,11-10-2024,29-06-2024,15-11-2024,35.0,-348,341.9721863,✅ Safe
06-706-6490,Green Tea,15,60,18-10-2024,03-07-2024,15-03-2024,,-593,400.1817015,⚠️ Unknown Shelf Life
47-578-4161,Anchovies,88,98,10-05-2024,10-03-2024,14-09-2024,127.0,-410,452.8453238,✅ Safe
18-199-5799,Cheddar Cheese,40,40,09-10-2024,28-04-2024,30-10-2024,21.0,-364,445.8193389,✅ Safe
00-357-2313,Avocado Oil,10,24,29-06-2024,26-11-2024,13-12-2024,167.0,-320,352.6690113,✅ Safe
83-704-6367,Arabica Coffee,21,20,17-11-2024,02-09-2024,07-09-2024,,-417,373.8965892,⚠️ Unknown Shelf Life
01-144-5960,Trout,75,89,20-10-2024,29-05-2024,13-07-2024,,-473,791.3447442,✅ Safe
96-774-0457,Cod,56,99,24-02-2025,12-03-2024,22-10-2024,,-372,486.2174759,⚠️ Unknown Shelf Life
24-310-9184,Rye Bread,69,98,05-07-2024,26-07-2024,08-04-2024,,-569,413.4783107,⚠️ Unknown Shelf Life
10-255-8579,Basmati Rice,56,69,12-07-2024,24-07-2024,28-01-2025,200.0,-274,453.1698104,✅ Safe
38-417-4656,White Sugar,24,20,05-10-2024,13-04-2024,23-12-2024,79.0,-310,380.5930022,⚠️ Unknown Shelf Life
53-080-8252,Sourdough Bread,30,32,19-12-2024,24-09-2024,20-11-2024,,-343,382.1733715,⚠️ Unknown Shelf Life
14-681-7035,White Tea,36,35,11-12-2024,07-08-2024,18-05-2024,,-529,445.4706326,⚠️ Unknown Shelf Life
96-503-7712,White Bread,93,76,25-05-2024,28-07-2024,19-01-2025,239.0,-283,481.9265346,⚠️ Unknown Shelf Life
98-064-4465,Mozzarella Cheese,96,72,19-04-2024,01-10-2024,11-11-2024,206.0,-352,387.0535864,✅ Safe
84-198-7276,Peanut Oil,60,94,29-08-2024,16-01-2025,15-06-2024,,-501,428.7018621,⚠️ Unknown Shelf Life
18-278-2383,Gouda Cheese,97,43,11-11-2024,15-09-2024,02-07-2024,,-484,525.108255,✅ Safe
20-054-3716,Chocolate Biscuit,11,88,05-03-2024,16-09-2024,25-02-2024,,-612,650.0817596,✅ Safe
63-822-5278,Pomegranate,14,86,13-08-2024,13-12-2024,27-02-2024,,-610,456.4084181,✅ Safe
01-439-6231,Sunflower Oil,88,25,11-12-2024,28-10-2024,09-12-2024,,-324,686.0000721,⚠️ Unknown Shelf Life
06-690-2335,Jasmine Rice,24,35,22-02-2025,16-06-2024,07-05-2024,,-540,227.4875772,⚠️ Unknown Shelf Life
47-554-5780,Haddock,93,78,09-06-2024,22-06-2024,17-04-2024,,-560,360.9852506,✅ Safe
70-587-1204,Black Rice,68,37,08-07-2024,15-07-2024,23-06-2024,,-493,441.6235088,✅ Safe
97-710-2449,Rye Bread,28,31,23-05-2024,23-01-2025,19-06-2024,27.0,-497,413.4783107,⚠️ Unknown Shelf Life
51-462-0747,Lime,21,43,22-01-2025,07-02-2025,10-03-2024,,-598,736.2266094,⚠️ Unknown Shelf Life
90-492-0564,Pomegranate,92,32,18-11-2024,25-06-2024,20-07-2024,,-466,456.4084181,✅ Safe
63-956-0739,Robusta Coffee,68,39,05-12-2024,21-02-2025,22-12-2024,17.0,-311,363.5477535,⚠️ Unknown Shelf Life
30-832-5429,Multigrain Bread,46,68,10-01-2025,05-10-2024,17-09-2024,,-407,352.8990429,✅ Safe
38-822-8005,Cucumber,47,49,19-01-2025,12-01-2025,31-03-2024,,-577,503.6275588,⚠️ Unknown Shelf Life
73-118-1117,Olive Oil,52,100,27-05-2024,05-05-2024,13-11-2024,170.0,-350,448.378783,⚠️ Unknown Shelf Life
60-285-3783,Mushrooms,51,52,07-04-2024,28-03-2024,15-01-2025,283.0,-287,474.4229535,⚠️ Unknown Shelf Life
00-215-7434,Egg (Goose),14,59,28-04-2024,19-02-2025,28-11-2024,214.0,-335,423.7370881,⚠️ Short Shelf Life
68-734-1585,Greek Yogurt,62,92,08-01-2025,16-04-2024,13-07-2024,,-473,383.9981383,✅ Safe
08-703-1382,Peach,40,70,21-02-2025,06-03-2024,21-06-2024,,-495,449.8324411,⚠️ Unknown Shelf Life
65-282-0419,White Tea,50,29,28-12-2024,17-07-2024,05-12-2024,,-328,445.4706326,⚠️ Unknown Shelf Life
62-777-6010,Sushi Rice,77,42,03-07-2024,06-03-2024,05-11-2024,125.0,-358,325.0644018,✅ Safe
87-675-1506,Strawberries,31,46,26-08-2024,07-12-2024,21-05-2024,,-526,658.0002286,✅ Safe
67-027-7269,Mushrooms,35,88,06-01-2025,30-11-2024,09-11-2024,,-354,474.4229535,⚠️ Unknown Shelf Life
72-066-4597,Broccoli,31,69,20-02-2025,08-12-2024,13-12-2024,,-320,660.352661,⚠️ Unknown Shelf Life
31-627-6025,White Bread,56,56,22-08-2024,03-09-2024,20-01-2025,151.0,-282,481.9265346,⚠️ Unknown Shelf Life
09-286-8107,Greek Yogurt,90,70,20-01-2025,07-09-2024,15-12-2024,,-318,383.9981383,✅ Safe
77-013-1553,Canola Oil,79,92,10-04-2024,13-10-2024,20-08-2024,132.0,-435,457.3446442,✅ Safe
15-762-1058,Lime,29,81,29-11-2024,07-02-2025,04-01-2025,36.0,-298,736.2266094,⚠️ Unknown Shelf Life
48-193-1199,Canola Oil,46,47,07-05-2024,24-12-2024,09-06-2024,33.0,-507,457.3446442,✅ Safe
01-173-0029,Blueberries,42,37,10-01-2025,05-07-2024,12-04-2024,,-565,473.717321,✅ Safe
79-400-6216,Mozzarella Cheese,16,56,10-02-2025,10-03-2024,02-10-2024,,-392,387.0535864,✅ Safe
80-072-8774,Tuna,89,76,24-09-2024,06-07-2024,15-10-2024,21.0,-379,295.9060351,✅ Safe
78-689-8958,White Tea,20,73,07-01-2025,27-02-2024,29-03-2024,,-579,445.4706326,⚠️ Unknown Shelf Life
57-562-2358,Black Coffee,37,94,17-06-2024,19-01-2025,04-02-2025,232.0,-267,461.2992648,⚠️ Unknown Shelf Life
56-191-6497,Bread Flour,97,35,14-01-2025,04-10-2024,07-01-2025,,-295,371.6149565,⚠️ Unknown Shelf Life
46-753-8430,Feta Cheese,98,92,02-10-2024,19-11-2024,05-08-2024,,-450,412.776759,✅ Safe
48-461-3742,Kiwi,37,47,06-07-2024,17-05-2024,23-01-2025,201.0,-279,139.9997334,✅ Safe
16-354-8122,Digestive Biscuit,97,57,25-04-2024,22-01-2025,27-11-2024,216.0,-336,484.3173744,✅ Safe
76-954-1442,Arabica Coffee,97,74,22-11-2024,24-04-2024,18-03-2024,,-590,373.8965892,⚠️ Unknown Shelf Life
44-476-0390,Lemon,90,71,28-07-2024,27-04-2024,14-03-2024,,-594,360.7912653,⚠️ Unknown Shelf Life
35-617-3857,Arabica Coffee,46,59,04-01-2025,21-03-2024,06-03-2024,,-602,373.8965892,⚠️ Unknown Shelf Life
94-029-2717,Broccoli,40,86,26-07-2024,06-02-2025,09-06-2024,,-507,660.352661,⚠️ Unknown Shelf Life
49-526-7806,Kale,77,48,19-12-2024,19-11-2024,01-05-2024,,-546,189.6823622,⚠️ Unknown Shelf Life
99-137-1730,Bread Flour,62,32,22-07-2024,28-02-2024,18-10-2024,88.0,-376,371.6149565,⚠️ Unknown Shelf Life
27-442-3654,Herbal Tea,59,69,21-07-2024,26-08-2024,03-12-2024,135.0,-330,431.9921296,⚠️ Unknown Shelf Life
32-933-0329,Blueberries,23,40,17-01-2025,14-07-2024,15-04-2024,,-562,473.717321,✅ Safe
93-813-2419,Digestive Biscuit,39,98,21-12-2024,09-04-2024,22-06-2024,,-494,484.3173744,✅ Safe
85-440-3667,Gouda Cheese,68,53,06-08-2024,03-06-2024,09-09-2024,34.0,-415,525.108255,✅ Safe
77-224-2227,Almond Flour,75,43,26-08-2024,30-09-2024,26-10-2024,61.0,-368,281.3810891,⚠️ Unknown Shelf Life
60-632-8752,Chocolate Biscuit,96,45,04-11-2024,04-04-2024,26-01-2025,83.0,-276,650.0817596,✅ Safe
99-561-4871,Haddock,17,100,14-02-2025,20-08-2024,28-07-2024,,-458,360.9852506,✅ Safe
61-607-7622,Egg (Duck),23,84,13-05-2024,21-02-2025,15-01-2025,247.0,-287,442.9710551,⚠️ Unknown Shelf Life
11-745-3025,Peach,15,37,11-06-2024,21-02-2025,03-09-2024,84.0,-421,449.8324411,⚠️ Unknown Shelf Life
56-810-0550,Mackerel,71,52,29-08-2024,02-12-2024,04-09-2024,6.0,-420,645.8309827,⚠️ Short Shelf Life
59-075-2457,Egg (Goose),97,33,21-08-2024,03-02-2025,10-11-2024,81.0,-353,423.7370881,⚠️ Short Shelf Life
40-021-2400,Zucchini,29,53,24-10-2024,16-11-2024,11-05-2024,,-536,271.888665,⚠️ Unknown Shelf Life
29-017-6255,Bell Pepper,46,96,01-03-2024,06-01-2025,31-01-2025,336.0,-271,416.2354092,✅ Safe
92-291-7089,Cheese,76,60,01-02-2025,26-07-2024,06-05-2024,,-541,407.701073,⚠️ Unknown Shelf Life
69-287-9113,Zucchini,59,54,27-10-2024,29-06-2024,16-12-2024,50.0,-317,271.888665,⚠️ Unknown Shelf Life
76-540-6407,Orange,92,79,07-02-2025,17-01-2025,13-12-2024,,-320,459.5043036,✅ Safe
85-561-4694,Kiwi,28,70,15-05-2024,15-08-2024,11-05-2024,,-536,139.9997334,✅ Safe
34-928-2775,Coconut,19,96,18-12-2024,24-02-2025,28-01-2025,41.0,-274,345.5123411,✅ Safe
90-773-9557,Butter,85,45,20-08-2024,30-06-2024,12-06-2024,,-504,358.3904348,✅ Safe
57-394-1587,Bread Flour,57,53,25-08-2024,17-02-2025,30-10-2024,66.0,-364,371.6149565,⚠️ Unknown Shelf Life
28-008-2951,Broccoli,95,52,20-07-2024,16-01-2025,20-05-2024,,-527,660.352661,⚠️ Unknown Shelf Life
74-711-7160,Sushi Rice,84,39,22-01-2025,28-12-2024,01-06-2024,,-515,325.0644018,✅ Safe
22-895-6595,Rice Flour,31,38,29-02-2024,04-06-2024,21-11-2024,266.0,-342,364.4135974,✅ Safe
19-214-5762,Pear,41,57,06-04-2024,24-04-2024,13-10-2024,190.0,-381,371.916583,✅ Safe
95-349-0828,Feta Cheese,97,95,27-09-2024,29-08-2024,06-02-2025,132.0,-265,412.776759,✅ Safe
00-963-2193,Milk,43,84,19-07-2024,03-02-2025,23-12-2024,157.0,-310,361.8548289,✅ Safe
76-459-2392,Palm Oil,74,31,26-03-2024,13-04-2024,24-05-2024,59.0,-523,403.3099576,✅ Safe
10-034-7654,Bread Flour,70,27,18-04-2024,25-10-2024,28-05-2024,40.0,-519,371.6149565,⚠️ Unknown Shelf Life
24-972-6969,Cheese,69,28,11-09-2024,28-05-2024,13-06-2024,,-503,407.701073,⚠️ Unknown Shelf Life
94-190-5193,Carrot,67,67,23-09-2024,21-11-2024,09-04-2024,,-568,382.8071703,✅ Safe
92-791-0606,Short Grain Rice,18,61,26-03-2024,28-04-2024,06-09-2024,164.0,-418,434.9630961,⚠️ Unknown Shelf Life
84-629-1532,Arabica Coffee,22,30,25-02-2024,27-11-2024,20-07-2024,146.0,-466,373.8965892,⚠️ Unknown Shelf Life
68-977-2498,Grapes,88,93,30-07-2024,20-05-2024,21-07-2024,,-465,399.4875446,⚠️ Unknown Shelf Life
91-257-3672,Tilapia,78,63,08-08-2024,18-12-2024,05-07-2024,,-481,580.0704633,⚠️ Unknown Shelf Life
09-536-2626,Olive Oil,83,47,17-10-2024,26-08-2024,21-03-2024,,-587,448.378783,⚠️ Unknown Shelf Life
61-801-8665,Robusta Coffee,42,34,19-10-2024,06-12-2024,24-06-2024,,-492,363.5477535,⚠️ Unknown Shelf Life
38-296-6634,Peas,49,82,22-10-2024,31-03-2024,10-12-2024,49.0,-323,476.6133019,⚠️ Unknown Shelf Life
30-591-7275,Brown Rice,17,45,21-10-2024,19-02-2025,18-01-2025,89.0,-284,349.2889915,✅ Safe
83-763-5038,Buttermilk,52,21,22-11-2024,09-09-2024,23-10-2024,,-371,306.632489,⚠️ Unknown Shelf Life
37-709-3532,Mushrooms,79,55,29-10-2024,07-11-2024,11-05-2024,,-536,474.4229535,⚠️ Unknown Shelf Life
62-795-7801,Palm Oil,35,62,17-08-2024,28-07-2024,23-11-2024,98.0,-340,403.3099576,✅ Safe
98-575-4736,Cucumber,76,22,20-10-2024,25-05-2024,17-09-2024,,-407,503.6275588,⚠️ Unknown Shelf Life
57-861-4379,Swiss Cheese,93,93,28-02-2024,15-05-2024,04-02-2025,342.0,-267,448.2867406,⚠️ Unknown Shelf Life
00-119-8780,Halibut,40,39,17-02-2025,16-07-2024,04-03-2024,,-604,492.4372517,⚠️ Unknown Shelf Life
28-824-9017,Trout,19,96,22-08-2024,08-06-2024,14-06-2024,,-502,791.3447442,✅ Safe
56-668-5370,Vegetable Oil,70,100,26-11-2024,10-09-2024,03-08-2024,,-452,305.1998595,⚠️ Unknown Shelf Life
29-756-7042,Digestive Biscuit,90,63,29-06-2024,15-04-2024,07-05-2024,,-540,484.3173744,✅ Safe
41-538-3129,Digestive Biscuit,77,62,01-09-2024,17-03-2024,31-07-2024,,-455,484.3173744,✅ Safe
16-380-0753,Apricot,38,33,07-10-2024,16-05-2024,08-05-2024,,-539,129.5812287,⚠️ Unknown Shelf Life
26-535-4727,Tilapia,93,72,21-06-2024,17-08-2024,29-04-2024,,-548,580.0704633,⚠️ Unknown Shelf Life
59-857-6577,Evaporated Milk,23,63,10-05-2024,10-08-2024,04-03-2024,,-604,507.9311748,⚠️ Unknown Shelf Life
14-550-2152,Green Tea,51,96,29-03-2024,18-06-2024,17-11-2024,233.0,-346,400.1817015,⚠️ Unknown Shelf Life
39-315-3936,Heavy Cream,57,23,21-02-2025,25-09-2024,10-08-2024,,-445,474.1291691,⚠️ Unknown Shelf Life
87-199-2743,Papaya,59,63,26-03-2024,15-09-2024,12-11-2024,231.0,-351,703.5016254,✅ Safe
60-771-0879,Blueberries,89,79,17-11-2024,11-02-2025,03-05-2024,,-544,473.717321,✅ Safe
00-440-9568,Blueberries,53,55,23-09-2024,04-09-2024,20-12-2024,88.0,-313,473.717321,✅ Safe
07-074-1196,Plum,11,40,14-04-2024,10-01-2025,10-10-2024,179.0,-384,425.9229179,✅ Safe
69-674-5387,Yogurt,59,92,15-06-2024,27-06-2024,01-02-2025,231.0,-270,460.1233468,✅ Safe
08-940-8578,Onion,34,90,03-05-2024,04-10-2024,22-11-2024,203.0,-341,365.8198818,✅ Safe
94-020-6982,Tuna,25,31,02-01-2025,05-10-2024,04-05-2024,,-543,295.9060351,✅ Safe
42-879-9478,Anchovies,81,95,01-06-2024,23-02-2025,22-08-2024,82.0,-433,452.8453238,✅ Safe
00-405-7428,Apple,81,42,20-01-2025,27-01-2025,12-01-2025,,-290,368.9183574,⚠️ Unknown Shelf Life
87-997-0228,Watermelon,71,81,15-09-2024,24-10-2024,27-12-2024,103.0,-306,576.827864,✅ Safe
05-498-7751,Cauliflower,52,56,28-10-2024,10-07-2024,24-03-2024,,-584,479.4498714,✅ Safe
55-631-7937,Greek Yogurt,26,25,15-10-2024,19-06-2024,21-01-2025,98.0,-281,383.9981383,✅ Safe
27-389-3529,Haddock,84,60,14-01-2025,23-04-2024,09-03-2024,,-599,360.9852506,✅ Safe
84-272-0790,Blueberries,28,48,23-05-2024,18-11-2024,29-07-2024,67.0,-457,473.717321,✅ Safe
01-903-5373,Strawberries,94,40,30-09-2024,20-06-2024,21-06-2024,,-495,658.0002286,✅ Safe
49-311-3063,Kiwi,47,70,06-02-2025,03-10-2024,03-07-2024,,-483,139.9997334,✅ Safe
04-277-5245,Coconut Sugar,20,71,19-03-2024,28-07-2024,18-06-2024,91.0,-498,437.170979,✅ Safe
04-453-5485,Tomato,84,86,08-04-2024,10-01-2025,02-04-2024,,-575,596.3684235,⚠️ Unknown Shelf Life
42-141-5718,Cheese,100,88,13-09-2024,06-01-2025,26-12-2024,104.0,-307,407.701073,⚠️ Unknown Shelf Life
89-602-6755,Milk,74,24,23-05-2024,07-02-2025,17-07-2024,55.0,-469,361.8548289,✅ Safe
15-045-8444,Green Coffee,27,88,04-03-2024,12-07-2024,27-03-2024,23.0,-581,432.3435995,✅ Safe
15-240-6267,Eggplant,91,42,11-03-2024,10-04-2024,26-04-2024,46.0,-551,257.4258526,✅ Safe
05-193-8096,Grapes,82,39,14-04-2024,19-03-2024,08-07-2024,85.0,-478,399.4875446,⚠️ Unknown Shelf Life
93-342-8794,Bread Flour,84,83,08-01-2025,07-12-2024,22-11-2024,,-341,371.6149565,⚠️ Unknown Shelf Life
83-716-2177,Halibut,18,57,10-04-2024,10-10-2024,13-09-2024,156.0,-411,492.4372517,⚠️ Unknown Shelf Life
56-635-6764,Sourdough Bread,12,75,03-06-2024,16-01-2025,05-08-2024,63.0,-450,382.1733715,⚠️ Unknown Shelf Life
10-249-7928,Black Rice,85,95,18-08-2024,03-04-2024,03-11-2024,77.0,-360,441.6235088,✅ Safe
65-759-3721,Butter Biscuit,33,20,16-06-2024,24-05-2024,28-12-2024,195.0,-305,413.0836426,⚠️ Unknown Shelf Life
08-725-8156,Tilapia,59,57,18-08-2024,10-11-2024,15-03-2024,,-593,580.0704633,⚠️ Unknown Shelf Life
15-679-3935,Grapes,22,34,09-02-2025,15-06-2024,20-02-2025,11.0,-251,399.4875446,⚠️ Unknown Shelf Life
81-578-7404,Gouda Cheese,67,73,13-02-2025,11-08-2024,06-04-2024,,-571,525.108255,✅ Safe
82-380-5378,Cheese,78,60,01-06-2024,03-06-2024,07-03-2024,,-601,407.701073,⚠️ Unknown Shelf Life
78-362-8578,Lemon,72,25,06-07-2024,17-11-2024,10-04-2024,,-567,360.7912653,⚠️ Unknown Shelf Life
32-261-0008,Heavy Cream,63,21,30-05-2024,18-02-2025,18-07-2024,49.0,-468,474.1291691,⚠️ Unknown Shelf Life
74-943-9034,White Bread,30,97,11-07-2024,18-11-2024,06-05-2024,,-541,481.9265346,⚠️ Unknown Shelf Life
86-330-0214,Arabica Coffee,36,91,15-03-2024,18-02-2025,30-03-2024,15.0,-578,373.8965892,⚠️ Unknown Shelf Life
80-334-0215,Grapes,88,57,27-11-2024,30-04-2024,22-06-2024,,-494,399.4875446,⚠️ Unknown Shelf Life
48-957-8596,Banana,95,87,04-09-2024,24-04-2024,18-10-2024,44.0,-376,460.7257924,✅ Safe
37-246-0018,Broccoli,30,61,20-03-2024,14-01-2025,11-04-2024,22.0,-566,660.352661,⚠️ Unknown Shelf Life
17-002-4721,Green Beans,31,71,10-09-2024,18-02-2025,29-10-2024,49.0,-365,252.4483422,⚠️ Unknown Shelf Life
47-802-5023,Cod,16,81,30-04-2024,18-10-2024,07-06-2024,38.0,-509,486.2174759,⚠️ Unknown Shelf Life
22-319-1377,White Sugar,14,39,23-07-2024,03-03-2024,21-06-2024,,-495,380.5930022,⚠️ Unknown Shelf Life
57-903-6434,Tomato,44,82,13-03-2024,10-03-2024,23-03-2024,10.0,-585,596.3684235,⚠️ Unknown Shelf Life
22-083-3347,Long Grain Rice,69,34,07-07-2024,29-04-2024,30-04-2024,,-547,239.0972269,⚠️ Unknown Shelf Life
65-145-9672,Long Grain Rice,71,66,11-08-2024,16-03-2024,26-05-2024,,-521,239.0972269,⚠️ Unknown Shelf Life
95-252-9619,Carrot,92,30,27-12-2024,07-12-2024,09-11-2024,,-354,382.8071703,✅ Safe
74-294-3760,Peanut Oil,49,45,23-09-2024,30-11-2024,27-11-2024,65.0,-336,428.7018621,⚠️ Unknown Shelf Life
06-797-4963,Pomegranate,52,38,31-08-2024,15-08-2024,16-08-2024,,-439,456.4084181,✅ Safe
39-768-8205,Egg (Turkey),56,82,28-02-2024,17-07-2024,29-11-2024,275.0,-334,440.8905708,✅ Safe
03-043-9933,Strawberries,16,50,21-07-2024,09-02-2025,08-02-2025,202.0,-263,658.0002286,✅ Safe
29-823-6004,Zucchini,52,36,11-06-2024,04-04-2024,10-03-2024,,-598,271.888665,⚠️ Unknown Shelf Life
40-462-2952,Trout,91,81,12-08-2024,14-10-2024,19-11-2024,99.0,-344,791.3447442,✅ Safe
71-999-2404,Mango,58,85,18-03-2024,05-08-2024,29-01-2025,317.0,-273,364.7507447,✅ Safe
03-919-9890,Halibut,47,61,09-08-2024,07-12-2024,25-07-2024,,-461,492.4372517,⚠️ Unknown Shelf Life
94-525-6925,Rye Bread,50,70,27-03-2024,16-05-2024,17-09-2024,174.0,-407,413.4783107,⚠️ Unknown Shelf Life
08-213-2058,Sour Cream,43,59,28-07-2024,07-09-2024,26-08-2024,29.0,-429,160.9998443,✅ Safe
51-312-8608,Cheddar Cheese,68,79,27-02-2024,02-10-2024,29-04-2024,62.0,-548,445.8193389,✅ Safe
67-512-9754,Egg (Turkey),19,66,25-04-2024,21-07-2024,22-03-2024,,-586,440.8905708,✅ Safe
45-402-0421,Swiss Cheese,70,71,20-07-2024,08-12-2024,14-07-2024,,-472,448.2867406,⚠️ Unknown Shelf Life
85-207-4164,Eggplant,97,29,29-02-2024,06-02-2025,10-12-2024,285.0,-323,257.4258526,✅ Safe
72-780-6006,Sunflower Oil,87,83,11-05-2024,13-12-2024,17-04-2024,,-560,686.0000721,⚠️ Unknown Shelf Life
93-166-3169,White Tea,58,85,24-06-2024,13-02-2025,02-01-2025,192.0,-300,445.4706326,⚠️ Unknown Shelf Life
21-718-6746,Coconut,16,21,11-06-2024,20-01-2025,06-06-2024,,-510,345.5123411,✅ Safe
93-966-7754,Pineapple,65,25,11-08-2024,18-01-2025,27-09-2024,47.0,-397,423.9910042,✅ Safe
47-663-5703,Basmati Rice,15,68,06-12-2024,14-06-2024,14-09-2024,,-410,453.1698104,✅ Safe
34-110-1040,Bell Pepper,75,26,30-05-2024,09-06-2024,24-06-2024,25.0,-492,416.2354092,✅ Safe
82-342-7339,Vanilla Biscuit,80,63,27-07-2024,31-07-2024,04-03-2024,,-604,788.0435728,⚠️ Unknown Shelf Life
43-670-8544,Orange,84,48,20-06-2024,14-05-2024,07-10-2024,109.0,-387,459.5043036,✅ Safe
12-439-8428,Eggplant,17,49,21-03-2024,14-09-2024,31-05-2024,71.0,-516,257.4258526,✅ Safe
49-919-8798,Evaporated Milk,64,85,19-06-2024,04-08-2024,10-10-2024,113.0,-384,507.9311748,⚠️ Unknown Shelf Life
73-567-6194,Whipped Cream,76,65,04-03-2024,10-12-2024,08-09-2024,188.0,-416,397.2204151,⚠️ Unknown Shelf Life
83-573-4586,Sesame Oil,77,29,17-04-2024,19-10-2024,18-07-2024,92.0,-468,362.7304569,✅ Safe
12-798-9401,Cream,18,78,05-01-2025,12-05-2024,25-05-2024,,-522,482.8654731,⚠️ Unknown Shelf Life
02-895-7781,Coconut Sugar,51,21,19-02-2025,26-09-2024,24-01-2025,,-278,437.170979,✅ Safe
83-625-3618,Asparagus,68,84,05-08-2024,11-01-2025,04-07-2024,,-482,438.1375163,✅ Safe
89-181-4523,Wild Rice,46,63,23-07-2024,23-06-2024,22-12-2024,152.0,-311,423.4302664,✅ Safe
95-354-8583,Long Grain Rice,98,30,19-02-2025,11-02-2025,20-10-2024,,-374,239.0972269,⚠️ Unknown Shelf Life
90-303-1821,Onion,50,30,13-02-2025,03-08-2024,05-10-2024,,-389,365.8198818,✅ Safe
71-631-5875,Salmon,88,61,29-05-2024,09-09-2024,25-10-2024,149.0,-369,424.1283564,✅ Safe
02-275-6061,Potato,26,64,30-06-2024,26-03-2024,19-08-2024,50.0,-436,25.07746456,⚠️ Unknown Shelf Life
04-001-1793,Green Coffee,43,88,31-03-2024,02-02-2025,09-04-2024,9.0,-568,432.3435995,✅ Safe
47-749-3277,Powdered Sugar,46,54,06-03-2024,29-02-2024,13-09-2024,191.0,-411,393.2003172,✅ Safe
37-666-3902,Cauliflower,19,70,12-03-2024,11-08-2024,12-06-2024,92.0,-504,479.4498714,✅ Safe
73-942-0508,Kale,61,76,20-07-2024,14-01-2025,04-10-2024,76.0,-390,189.6823622,⚠️ Unknown Shelf Life
57-359-3397,Garlic,43,95,13-07-2024,02-10-2024,19-12-2024,159.0,-314,527.7183619,✅ Safe
46-436-5351,Green Tea,80,81,24-08-2024,30-09-2024,16-04-2024,,-561,400.1817015,⚠️ Unknown Shelf Life
27-881-1177,Green Tea,34,97,23-01-2025,03-07-2024,23-11-2024,,-340,400.1817015,⚠️ Unknown Shelf Life
85-237-3505,Green Tea,88,78,23-08-2024,13-11-2024,03-11-2024,72.0,-360,400.1817015,⚠️ Unknown Shelf Life
80-371-3695,Cottage Cheese,89,94,15-12-2024,30-11-2024,10-12-2024,,-323,482.2428043,⚠️ Unknown Shelf Life
04-758-0410,Wild Rice,26,40,03-08-2024,16-08-2024,02-05-2024,,-545,423.4302664,✅ Safe
65-644-1394,Pear,26,92,29-07-2024,06-01-2025,10-02-2025,196.0,-261,371.916583,✅ Safe
04-293-6969,Peach,37,93,15-06-2024,02-09-2024,20-08-2024,66.0,-435,449.8324411,⚠️ Unknown Shelf Life
40-997-2786,Yogurt,76,62,14-11-2024,23-05-2024,14-10-2024,,-380,460.1233468,✅ Safe
91-553-1774,Feta Cheese,80,64,26-06-2024,05-09-2024,12-04-2024,,-565,412.776759,✅ Safe
13-980-8804,Sweet Potato,100,98,19-08-2024,01-10-2024,10-02-2025,175.0,-261,678.9999241,✅ Safe
19-672-8982,Butter,21,64,03-01-2025,23-01-2025,31-03-2024,,-577,358.3904348,✅ Safe
35-299-0889,Coconut Oil,33,60,05-11-2024,11-07-2024,21-04-2024,,-556,646.5122934,⚠️ Unknown Shelf Life
17-022-9721,Apple,43,39,08-11-2024,13-12-2024,12-01-2025,65.0,-290,368.9183574,⚠️ Unknown Shelf Life
22-849-2551,Mushrooms,34,58,12-06-2024,20-12-2024,08-09-2024,88.0,-416,474.4229535,⚠️ Unknown Shelf Life
53-050-8242,Mackerel,82,66,30-03-2024,16-03-2024,15-02-2025,322.0,-256,645.8309827,⚠️ Short Shelf Life
88-183-5781,Whole Wheat Bread,17,93,02-08-2024,24-08-2024,27-12-2024,147.0,-306,574.3111089,✅ Safe
09-101-1740,Sushi Rice,36,73,07-07-2024,20-12-2024,31-08-2024,55.0,-424,325.0644018,✅ Safe
98-445-7372,Cod,65,56,12-05-2024,03-10-2024,30-05-2024,18.0,-517,486.2174759,⚠️ Unknown Shelf Life
29-875-6900,Papaya,45,35,18-03-2024,23-01-2025,22-08-2024,157.0,-433,703.5016254,✅ Safe
27-757-4489,Egg (Goose),35,95,12-04-2024,19-01-2025,04-07-2024,83.0,-482,423.7370881,⚠️ Short Shelf Life
51-069-0489,Bread Flour,96,81,04-10-2024,30-03-2024,30-05-2024,,-517,371.6149565,⚠️ Unknown Shelf Life
20-325-1965,Coconut,56,42,04-09-2024,04-04-2024,21-05-2024,,-526,345.5123411,✅ Safe
76-090-4411,Ricotta Cheese,49,38,12-12-2024,10-08-2024,16-04-2024,,-561,391.3243601,⚠️ Unknown Shelf Life
01-703-8441,Raw Sugar,100,76,23-04-2024,01-01-2025,21-06-2024,59.0,-495,379.8621986,⚠️ Short Shelf Life
09-622-7119,Haddock,30,99,22-07-2024,30-01-2025,15-06-2024,,-501,360.9852506,✅ Safe
45-172-7012,Papaya,20,35,26-11-2024,13-12-2024,01-12-2024,5.0,-332,703.5016254,✅ Safe
06-849-4869,Sesame Oil,85,46,13-05-2024,19-02-2025,15-07-2024,63.0,-471,362.7304569,✅ Safe
30-996-2526,Green Beans,86,98,20-10-2024,28-02-2024,07-09-2024,,-417,252.4483422,⚠️ Unknown Shelf Life
71-074-6292,Sourdough Bread,65,100,02-04-2024,10-06-2024,17-10-2024,198.0,-377,382.1733715,⚠️ Unknown Shelf Life
98-909-9395,Cottage Cheese,67,35,22-04-2024,31-08-2024,07-12-2024,229.0,-326,482.2428043,⚠️ Unknown Shelf Life
61-796-6540,Ricotta Cheese,88,23,24-04-2024,02-06-2024,14-08-2024,112.0,-441,391.3243601,⚠️ Unknown Shelf Life
41-735-9837,Robusta Coffee,14,32,02-08-2024,28-08-2024,01-09-2024,30.0,-423,363.5477535,⚠️ Unknown Shelf Life
60-343-3288,Tilapia,85,54,28-03-2024,01-01-2025,03-05-2024,36.0,-544,580.0704633,⚠️ Unknown Shelf Life
27-783-5470,Feta Cheese,74,21,30-01-2025,27-07-2024,16-03-2024,,-592,412.776759,✅ Safe
60-456-8169,Cheddar Cheese,21,69,28-01-2025,28-02-2024,25-02-2024,,-612,445.8193389,✅ Safe
99-420-3592,Butter Biscuit,22,47,19-07-2024,21-07-2024,13-11-2024,117.0,-350,413.0836426,⚠️ Unknown Shelf Life
35-836-6718,Ricotta Cheese,91,50,10-02-2025,25-01-2025,22-01-2025,,-280,391.3243601,⚠️ Unknown Shelf Life
51-273-4240,Multigrain Bread,85,30,18-02-2025,26-09-2024,20-06-2024,,-496,352.8990429,✅ Safe
38-924-3007,Peas,12,46,18-05-2024,05-01-2025,17-04-2024,,-560,476.6133019,⚠️ Unknown Shelf Life
52-123-8039,Pomegranate,43,78,21-12-2024,03-09-2024,16-01-2025,26.0,-286,456.4084181,✅ Safe
34-131-8805,Yogurt,92,50,21-01-2025,10-09-2024,22-12-2024,,-311,460.1233468,✅ Safe
28-505-8317,Watermelon,23,92,12-10-2024,23-07-2024,28-01-2025,108.0,-274,576.827864,✅ Safe
41-594-5069,Egg (Duck),77,58,05-11-2024,05-02-2025,21-03-2024,,-587,442.9710551,⚠️ Unknown Shelf Life
94-658-4945,Sweet Potato,65,71,27-08-2024,12-02-2025,08-05-2024,,-539,678.9999241,✅ Safe
69-561-2496,Banana,82,77,08-08-2024,18-03-2024,09-12-2024,123.0,-324,460.7257924,✅ Safe
98-858-6323,Swiss Cheese,20,50,22-10-2024,07-01-2025,16-11-2024,25.0,-347,448.2867406,⚠️ Unknown Shelf Life
92-995-8689,Cheddar Cheese,31,63,03-12-2024,17-10-2024,06-03-2024,,-602,445.8193389,✅ Safe
43-164-5984,Butter,36,26,13-04-2024,17-06-2024,23-11-2024,224.0,-340,358.3904348,✅ Safe
58-122-2282,Black Tea,59,45,06-12-2024,30-06-2024,12-06-2024,,-504,434.6932809,✅ Safe
84-269-9130,Long Grain Rice,11,48,05-06-2024,27-09-2024,02-08-2024,58.0,-453,239.0972269,⚠️ Unknown Shelf Life
11-922-3342,Black Coffee,24,80,18-03-2024,10-06-2024,04-03-2024,,-604,461.2992648,⚠️ Unknown Shelf Life
60-550-4771,Haddock,75,49,06-07-2024,03-10-2024,24-08-2024,49.0,-431,360.9852506,✅ Safe
88-951-9038,Black Coffee,11,89,08-07-2024,11-10-2024,11-02-2025,218.0,-260,461.2992648,⚠️ Unknown Shelf Life
08-114-3922,Anchovies,60,34,02-09-2024,25-02-2024,15-02-2025,166.0,-256,452.8453238,✅ Safe
70-145-2550,Lemon,91,38,01-05-2024,07-08-2024,06-08-2024,97.0,-449,360.7912653,⚠️ Unknown Shelf Life
51-761-6320,Egg (Goose),43,48,09-03-2024,30-08-2024,22-06-2024,105.0,-494,423.7370881,⚠️ Short Shelf Life
55-803-3964,Bread Flour,25,31,16-02-2025,26-08-2024,30-10-2024,,-364,371.6149565,⚠️ Unknown Shelf Life
11-815-7923,Parmesan Cheese,96,78,26-01-2025,16-06-2024,06-08-2024,,-449,395.576185,⚠️ Unknown Shelf Life
83-966-3280,Mackerel,30,80,22-06-2024,13-10-2024,20-09-2024,90.0,-404,645.8309827,⚠️ Short Shelf Life
29-592-7315,Arborio Rice,56,61,15-03-2024,04-07-2024,22-09-2024,191.0,-402,511.0002497,✅ Safe
65-235-7676,Whole Wheat Bread,91,74,10-01-2025,01-08-2024,03-06-2024,,-513,574.3111089,✅ Safe
40-683-0283,White Sugar,27,57,17-08-2024,04-05-2024,23-05-2024,,-524,380.5930022,⚠️ Unknown Shelf Life
83-553-9523,Buttermilk,28,76,05-11-2024,14-02-2025,28-01-2025,84.0,-274,306.632489,⚠️ Unknown Shelf Life
40-793-7235,Sour Cream,92,23,05-04-2024,09-12-2024,19-05-2024,44.0,-528,160.9998443,✅ Safe
74-666-5671,Tuna,37,27,21-12-2024,10-05-2024,04-05-2024,,-543,295.9060351,✅ Safe
90-865-9150,Powdered Sugar,28,82,22-09-2024,12-05-2024,09-07-2024,,-477,393.2003172,✅ Safe
46-255-3073,Tilapia,30,48,02-05-2024,06-01-2025,11-07-2024,70.0,-475,580.0704633,⚠️ Unknown Shelf Life
11-155-7826,Arabica Coffee,98,39,06-07-2024,31-01-2025,26-12-2024,173.0,-307,373.8965892,⚠️ Unknown Shelf Life
99-543-5039,Lemon,65,89,28-01-2025,20-11-2024,29-07-2024,,-457,360.7912653,⚠️ Unknown Shelf Life
99-033-5661,Rice Flour,42,35,19-09-2024,27-01-2025,25-09-2024,6.0,-399,364.4135974,✅ Safe
28-608-0039,Lemon,63,33,26-12-2024,21-05-2024,15-04-2024,,-562,360.7912653,⚠️ Unknown Shelf Life
35-529-2933,Broccoli,85,85,28-07-2024,23-10-2024,13-07-2024,,-473,660.352661,⚠️ Unknown Shelf Life
83-321-7887,Egg (Duck),44,96,14-12-2024,29-11-2024,02-08-2024,,-453,442.9710551,⚠️ Unknown Shelf Life
43-910-2342,Plum,26,47,12-12-2024,08-06-2024,19-07-2024,,-467,425.9229179,✅ Safe
21-633-8696,Coconut Sugar,49,93,18-04-2024,06-04-2024,26-05-2024,38.0,-521,437.170979,✅ Safe
76-401-7083,Pomegranate,59,47,03-09-2024,03-10-2024,31-07-2024,,-455,456.4084181,✅ Safe
92-551-8504,Raw Sugar,19,39,29-06-2024,22-02-2025,24-12-2024,178.0,-309,379.8621986,⚠️ Short Shelf Life
76-264-0748,Eggplant,47,39,15-04-2024,01-06-2024,09-01-2025,269.0,-293,257.4258526,✅ Safe
88-586-8797,Grapes,98,59,30-03-2024,25-08-2024,09-02-2025,316.0,-262,399.4875446,⚠️ Unknown Shelf Life
21-993-5632,Watermelon,51,23,23-03-2024,14-04-2024,23-10-2024,214.0,-371,576.827864,✅ Safe
27-681-5588,Anchovies,100,54,19-02-2025,26-10-2024,07-12-2024,,-326,452.8453238,✅ Safe
23-265-8144,Yogurt,55,62,01-06-2024,09-11-2024,25-10-2024,146.0,-369,460.1233468,✅ Safe
26-134-9069,Whipped Cream,14,90,10-03-2024,11-11-2024,30-01-2025,326.0,-272,397.2204151,⚠️ Unknown Shelf Life
76-623-7844,Egg (Quail),29,50,19-07-2024,23-08-2024,15-05-2024,,-532,700.0190796,⚠️ Unknown Shelf Life
88-977-0175,Chocolate Biscuit,100,47,02-08-2024,21-03-2024,19-07-2024,,-467,650.0817596,✅ Safe
12-714-5135,Ricotta Cheese,49,70,09-01-2025,14-01-2025,25-04-2024,,-552,391.3243601,⚠️ Unknown Shelf Life
43-153-8268,Vegetable Oil,75,79,23-02-2025,29-01-2025,02-10-2024,,-392,305.1998595,⚠️ Unknown Shelf Life
95-130-9020,Heavy Cream,82,69,28-02-2024,20-06-2024,21-01-2025,328.0,-281,474.1291691,⚠️ Unknown Shelf Life
82-678-8097,Cottage Cheese,68,90,08-04-2024,24-08-2024,05-04-2024,,-572,482.2428043,⚠️ Unknown Shelf Life
21-693-8216,Corn Oil,70,34,26-02-2024,03-09-2024,27-10-2024,244.0,-367,357.5611631,✅ Safe
56-831-6199,Salmon,49,96,16-09-2024,25-02-2024,14-08-2024,,-441,424.1283564,✅ Safe
81-268-5905,Mackerel,89,48,24-10-2024,30-07-2024,14-06-2024,,-502,645.8309827,⚠️ Short Shelf Life
41-237-5498,Cheese,88,56,04-01-2025,24-12-2024,06-02-2025,33.0,-265,407.701073,⚠️ Unknown Shelf Life
32-987-5559,Green Tea,39,28,25-11-2024,30-01-2025,15-05-2024,,-532,400.1817015,⚠️ Unknown Shelf Life
71-436-5841,Cauliflower,87,47,04-07-2024,25-09-2024,25-06-2024,,-491,479.4498714,✅ Safe
63-890-1246,Oatmeal Biscuit,93,76,27-06-2024,16-05-2024,09-10-2024,104.0,-385,341.9721863,✅ Safe
65-368-2479,Egg (Turkey),23,81,15-08-2024,10-03-2024,07-10-2024,53.0,-387,440.8905708,✅ Safe
74-562-7431,Vanilla Biscuit,94,74,18-03-2024,20-03-2024,01-11-2024,228.0,-362,788.0435728,⚠️ Unknown Shelf Life
51-583-6029,Digestive Biscuit,38,72,20-04-2024,18-08-2024,18-02-2025,304.0,-253,484.3173744,✅ Safe
06-996-3221,Evaporated Milk,11,48,13-10-2024,04-12-2024,10-06-2024,,-506,507.9311748,⚠️ Unknown Shelf Life
96-334-2593,White Tea,60,43,26-12-2024,27-06-2024,19-11-2024,,-344,445.4706326,⚠️ Unknown Shelf Life
58-219-0241,Avocado Oil,50,27,26-09-2024,12-05-2024,04-06-2024,,-512,352.6690113,✅ Safe
87-272-6544,Egg (Goose),90,51,06-05-2024,03-05-2024,13-02-2025,283.0,-258,423.7370881,⚠️ Short Shelf Life
95-357-2870,Arborio Rice,86,22,18-03-2024,13-05-2024,20-05-2024,63.0,-527,511.0002497,✅ Safe
88-401-3700,Cauliflower,86,30,29-07-2024,04-02-2025,20-01-2025,175.0,-282,479.4498714,✅ Safe
72-404-5581,Almond Flour,54,60,23-01-2025,07-08-2024,08-02-2025,16.0,-263,281.3810891,⚠️ Unknown Shelf Life
11-766-8738,Watermelon,27,70,14-11-2024,30-11-2024,22-03-2024,,-586,576.827864,✅ Safe
15-796-3130,Rye Bread,50,83,14-10-2024,17-04-2024,29-05-2024,,-518,413.4783107,⚠️ Unknown Shelf Life
73-751-4393,Onion,68,37,31-10-2024,07-06-2024,23-03-2024,,-585,365.8198818,✅ Safe
62-100-2245,Sourdough Bread,22,62,09-07-2024,08-11-2024,12-07-2024,3.0,-474,382.1733715,⚠️ Unknown Shelf Life
08-961-3009,Cheese,50,60,02-06-2024,19-12-2024,08-09-2024,98.0,-416,407.701073,⚠️ Unknown Shelf Life
33-440-2588,Bell Pepper,26,73,17-01-2025,16-09-2024,24-02-2025,38.0,-247,416.2354092,✅ Safe
24-009-1208,White Tea,62,89,30-04-2024,10-06-2024,06-02-2025,282.0,-265,445.4706326,⚠️ Unknown Shelf Life
71-300-2191,Broccoli,79,67,11-07-2024,06-05-2024,01-05-2024,,-546,660.352661,⚠️ Unknown Shelf Life
74-430-8245,Peach,73,75,26-02-2024,15-08-2024,06-03-2024,9.0,-602,449.8324411,⚠️ Unknown Shelf Life
68-636-4774,Carrot,18,44,03-11-2024,30-08-2024,19-02-2025,108.0,-252,382.8071703,✅ Safe
38-655-2312,Kale,79,80,07-08-2024,09-04-2024,18-10-2024,72.0,-376,189.6823622,⚠️ Unknown Shelf Life
16-632-1308,Arabica Coffee,23,31,27-03-2024,21-05-2024,21-11-2024,239.0,-342,373.8965892,⚠️ Unknown Shelf Life
37-606-0510,Milk,18,73,13-09-2024,09-06-2024,09-11-2024,57.0,-354,361.8548289,✅ Safe
36-296-9609,Sunflower Oil,24,91,04-05-2024,24-06-2024,01-12-2024,211.0,-332,686.0000721,⚠️ Unknown Shelf Life
22-329-7791,Watermelon,53,24,16-03-2024,13-01-2025,19-09-2024,187.0,-405,576.827864,✅ Safe
56-894-3733,Yogurt,85,49,05-04-2024,17-03-2024,02-02-2025,303.0,-269,460.1233468,✅ Safe
06-858-5680,Sesame Oil,15,49,22-08-2024,12-01-2025,16-01-2025,147.0,-286,362.7304569,✅ Safe
71-954-4501,Anchovies,66,27,27-06-2024,08-10-2024,26-07-2024,29.0,-460,452.8453238,✅ Safe
12-046-2988,Corn Oil,17,23,25-01-2025,24-01-2025,21-11-2024,,-342,357.5611631,✅ Safe
95-356-1566,Grapes,13,42,22-07-2024,21-02-2025,29-01-2025,191.0,-273,399.4875446,⚠️ Unknown Shelf Life
34-291-4939,Digestive Biscuit,34,78,09-03-2024,24-11-2024,13-02-2025,341.0,-258,484.3173744,✅ Safe
35-621-2546,Swiss Cheese,85,68,22-04-2024,07-04-2024,15-02-2025,299.0,-256,448.2867406,⚠️ Unknown Shelf Life
21-013-3508,Cabbage,12,25,09-06-2024,13-06-2024,10-11-2024,154.0,-353,390.2796614,✅ Safe
38-049-9319,Oatmeal Biscuit,82,21,07-11-2024,29-04-2024,09-05-2024,,-538,341.9721863,✅ Safe
94-697-2396,Sourdough Bread,71,58,27-11-2024,26-02-2024,07-07-2024,,-479,382.1733715,⚠️ Unknown Shelf Life
33-807-7247,Mozzarella Cheese,58,62,23-06-2024,07-07-2024,03-01-2025,194.0,-299,387.0535864,✅ Safe
62-816-8794,Rice Flour,15,90,16-11-2024,17-06-2024,06-02-2025,82.0,-265,364.4135974,✅ Safe
33-507-9886,Pineapple,68,25,04-04-2024,19-08-2024,27-06-2024,84.0,-489,423.9910042,✅ Safe
40-003-7322,White Sugar,13,38,07-05-2024,16-02-2025,11-10-2024,157.0,-383,380.5930022,⚠️ Unknown Shelf Life
95-090-2788,Sesame Oil,45,86,02-09-2024,05-04-2024,26-08-2024,,-429,362.7304569,✅ Safe
06-503-5891,Egg (Goose),40,76,22-03-2024,23-09-2024,16-03-2024,,-592,423.7370881,⚠️ Short Shelf Life
38-555-9147,Black Coffee,62,34,23-07-2024,29-04-2024,08-03-2024,,-600,461.2992648,⚠️ Unknown Shelf Life
64-854-8664,Peanut Oil,79,46,16-08-2024,25-01-2025,30-08-2024,14.0,-425,428.7018621,⚠️ Unknown Shelf Life
50-942-2409,Peas,75,96,31-10-2024,23-04-2024,10-12-2024,40.0,-323,476.6133019,⚠️ Unknown Shelf Life
17-493-4579,Almond Flour,76,24,04-10-2024,08-11-2024,28-05-2024,,-519,281.3810891,⚠️ Unknown Shelf Life
10-854-5467,Canola Oil,96,61,16-03-2024,04-05-2024,26-11-2024,255.0,-337,457.3446442,✅ Safe
11-604-6002,Canola Oil,69,79,14-01-2025,18-06-2024,29-05-2024,,-518,457.3446442,✅ Safe
44-305-1866,Butter,48,95,29-04-2024,02-07-2024,29-08-2024,122.0,-426,358.3904348,✅ Safe
49-730-0159,Cream,82,48,03-10-2024,10-12-2024,26-08-2024,,-429,482.8654731,⚠️ Unknown Shelf Life
70-534-7796,Zucchini,43,22,19-02-2025,25-06-2024,17-01-2025,,-285,271.888665,⚠️ Unknown Shelf Life
95-738-4658,Green Coffee,90,81,02-04-2024,26-11-2024,30-10-2024,211.0,-364,432.3435995,✅ Safe
20-405-4865,Milk,13,46,02-06-2024,05-11-2024,18-09-2024,108.0,-406,361.8548289,✅ Safe
79-428-8753,Cabbage,62,34,16-05-2024,06-07-2024,30-12-2024,228.0,-303,390.2796614,✅ Safe
10-626-8536,Coconut Sugar,17,76,01-05-2024,29-01-2025,30-03-2024,,-578,437.170979,✅ Safe
27-216-9671,Sesame Oil,100,77,11-08-2024,12-04-2024,04-06-2024,,-512,362.7304569,✅ Safe
14-489-8669,All-Purpose Flour,54,77,24-07-2024,05-11-2024,13-05-2024,,-534,561.8739233,⚠️ Unknown Shelf Life
46-632-8420,Whipped Cream,98,89,08-03-2024,21-12-2024,23-05-2024,76.0,-524,397.2204151,⚠️ Unknown Shelf Life
39-192-3521,Herbal Tea,20,46,26-06-2024,22-02-2025,16-03-2024,,-592,431.9921296,⚠️ Unknown Shelf Life
94-528-8088,Haddock,43,66,26-09-2024,24-07-2024,08-03-2024,,-600,360.9852506,✅ Safe
74-305-1263,Green Coffee,29,28,05-10-2024,10-07-2024,16-08-2024,,-439,432.3435995,✅ Safe
53-151-5726,Grapes,37,34,08-12-2024,12-01-2025,20-04-2024,,-557,399.4875446,⚠️ Unknown Shelf Life
02-085-7218,Cheddar Cheese,85,57,17-01-2025,25-06-2024,28-01-2025,11.0,-274,445.8193389,✅ Safe
77-777-4536,Basmati Rice,26,54,08-12-2024,12-09-2024,04-04-2024,,-573,453.1698104,✅ Safe
86-482-6451,White Tea,91,63,05-05-2024,27-10-2024,10-08-2024,97.0,-445,445.4706326,⚠️ Unknown Shelf Life
36-127-4273,Ricotta Cheese,50,88,01-10-2024,03-07-2024,31-07-2024,,-455,391.3243601,⚠️ Unknown Shelf Life
03-061-1344,Trout,98,62,27-09-2024,19-07-2024,27-06-2024,,-489,791.3447442,✅ Safe
97-300-7511,Egg (Duck),37,90,03-04-2024,17-07-2024,21-03-2024,,-587,442.9710551,⚠️ Unknown Shelf Life
83-108-1174,White Bread,78,89,12-09-2024,05-03-2024,25-12-2024,104.0,-308,481.9265346,⚠️ Unknown Shelf Life
38-664-2155,Cauliflower,48,52,13-01-2025,12-04-2024,30-05-2024,,-517,479.4498714,✅ Safe
80-459-5950,Arabica Coffee,74,100,27-07-2024,02-10-2024,20-03-2024,,-588,373.8965892,⚠️ Unknown Shelf Life
93-015-0811,Pineapple,18,88,26-11-2024,05-08-2024,26-06-2024,,-490,423.9910042,✅ Safe
02-888-9412,Cauliflower,95,92,08-06-2024,28-03-2024,04-02-2025,241.0,-267,479.4498714,✅ Safe
10-218-2680,Egg (Turkey),39,26,04-06-2024,28-05-2024,03-01-2025,213.0,-299,440.8905708,✅ Safe
30-964-2694,Peas,48,51,18-09-2024,12-05-2024,30-06-2024,,-486,476.6133019,⚠️ Unknown Shelf Life
15-144-9413,Strawberries,58,52,10-07-2024,30-06-2024,29-07-2024,19.0,-457,658.0002286,✅ Safe
17-253-5688,Greek Yogurt,39,47,15-08-2024,07-07-2024,20-06-2024,,-496,383.9981383,✅ Safe
31-608-1445,Papaya,84,54,09-02-2025,15-02-2025,14-12-2024,,-319,703.5016254,✅ Safe
51-934-9117,Sardines,30,56,25-08-2024,28-07-2024,31-01-2025,159.0,-271,423.0654594,⚠️ Unknown Shelf Life
72-810-9753,Sesame Oil,14,51,28-01-2025,07-02-2025,12-12-2024,,-321,362.7304569,✅ Safe
53-146-9979,Powdered Sugar,21,37,05-02-2025,11-10-2024,08-08-2024,,-447,393.2003172,✅ Safe
46-622-3434,Jasmine Rice,17,58,04-10-2024,08-12-2024,23-07-2024,,-463,227.4875772,⚠️ Unknown Shelf Life
47-843-8207,Cauliflower,34,28,01-09-2024,10-04-2024,27-12-2024,117.0,-306,479.4498714,✅ Safe
29-135-0791,Jasmine Rice,56,71,18-10-2024,21-12-2024,11-01-2025,85.0,-291,227.4875772,⚠️ Unknown Shelf Life
45-194-4094,Plum,64,60,10-10-2024,14-06-2024,10-10-2024,0.0,-384,425.9229179,✅ Safe
09-712-3630,Grapes,87,22,09-07-2024,25-03-2024,30-09-2024,83.0,-394,399.4875446,⚠️ Unknown Shelf Life
56-213-0577,Papaya,24,24,25-05-2024,23-05-2024,17-09-2024,115.0,-407,703.5016254,✅ Safe
78-956-4737,Sushi Rice,47,32,29-01-2025,19-05-2024,18-04-2024,,-559,325.0644018,✅ Safe
29-436-6570,Digestive Biscuit,61,73,20-06-2024,27-09-2024,17-09-2024,89.0,-407,484.3173744,✅ Safe
04-038-1547,Rye Bread,48,27,26-03-2024,24-11-2024,08-06-2024,74.0,-508,413.4783107,⚠️ Unknown Shelf Life
76-476-9996,Chocolate Biscuit,37,35,06-10-2024,14-01-2025,06-12-2024,61.0,-327,650.0817596,✅ Safe
43-469-7551,Arabica Coffee,45,36,27-12-2024,26-05-2024,25-01-2025,29.0,-277,373.8965892,⚠️ Unknown Shelf Life
15-169-8058,Bread Flour,87,58,12-06-2024,23-09-2024,18-04-2024,,-559,371.6149565,⚠️ Unknown Shelf Life
37-567-3218,Almond Flour,37,38,30-07-2024,31-10-2024,20-07-2024,,-466,281.3810891,⚠️ Unknown Shelf Life
92-455-2959,Robusta Coffee,59,90,11-09-2024,16-07-2024,25-02-2024,,-612,363.5477535,⚠️ Unknown Shelf Life
75-672-4378,Pomegranate,62,45,15-07-2024,16-11-2024,05-06-2024,,-511,456.4084181,✅ Safe
66-806-6051,Yogurt,63,56,23-09-2024,01-07-2024,23-05-2024,,-524,460.1233468,✅ Safe
65-527-9488,Grapes,38,59,10-07-2024,24-06-2024,10-10-2024,92.0,-384,399.4875446,⚠️ Unknown Shelf Life
36-840-2728,Mackerel,76,31,21-01-2025,10-08-2024,14-03-2024,,-594,645.8309827,⚠️ Short Shelf Life
07-389-5740,Egg (Quail),34,96,03-01-2025,12-03-2024,17-07-2024,,-469,700.0190796,⚠️ Unknown Shelf Life
13-144-2169,Eggplant,25,57,01-10-2024,01-12-2024,07-09-2024,,-417,257.4258526,✅ Safe
13-798-3397,Egg (Turkey),86,34,27-03-2024,09-05-2024,20-12-2024,268.0,-313,440.8905708,✅ Safe
85-806-0613,Oatmeal Biscuit,41,50,07-03-2024,01-01-2025,26-04-2024,50.0,-551,341.9721863,✅ Safe
67-248-6306,Cauliflower,77,64,27-07-2024,02-10-2024,22-12-2024,148.0,-311,479.4498714,✅ Safe
47-866-6589,Egg (Duck),41,30,26-07-2024,03-02-2025,27-07-2024,1.0,-459,442.9710551,⚠️ Unknown Shelf Life
91-127-7489,Orange,44,42,11-05-2024,10-12-2024,04-08-2024,85.0,-451,459.5043036,✅ Safe
90-343-9640,Avocado Oil,53,22,01-07-2024,06-04-2024,06-10-2024,97.0,-388,352.6690113,✅ Safe
01-018-6418,Chocolate Biscuit,68,70,13-11-2024,27-09-2024,16-07-2024,,-470,650.0817596,✅ Safe
80-375-9075,Swiss Cheese,96,71,23-11-2024,20-10-2024,19-06-2024,,-497,448.2867406,⚠️ Unknown Shelf Life
80-227-6886,Garlic,33,46,13-03-2024,12-01-2025,14-06-2024,93.0,-502,527.7183619,✅ Safe
15-562-3712,Cauliflower,33,90,27-08-2024,20-06-2024,28-10-2024,62.0,-366,479.4498714,✅ Safe
10-137-9759,Watermelon,90,82,31-03-2024,03-09-2024,10-03-2024,,-598,576.827864,✅ Safe
69-171-1305,Brown Rice,31,25,26-10-2024,18-06-2024,11-10-2024,,-383,349.2889915,✅ Safe
83-117-7658,Asparagus,92,62,05-04-2024,25-02-2024,19-12-2024,258.0,-314,438.1375163,✅ Safe
74-642-2435,Cauliflower,66,85,06-04-2024,28-12-2024,08-04-2024,2.0,-569,479.4498714,✅ Safe
10-445-0741,Anchovies,83,33,03-06-2024,11-07-2024,31-03-2024,,-577,452.8453238,✅ Safe
80-658-6456,Mango,84,30,08-06-2024,19-05-2024,10-12-2024,185.0,-323,364.7507447,✅ Safe
81-354-4203,Haddock,76,52,18-06-2024,27-06-2024,28-04-2024,,-549,360.9852506,✅ Safe
08-573-9997,Pomegranate,26,82,10-02-2025,05-04-2024,02-12-2024,,-331,456.4084181,✅ Safe
74-610-2295,Green Coffee,61,95,30-12-2024,16-03-2024,26-09-2024,,-398,432.3435995,✅ Safe
76-070-1411,Evaporated Milk,15,71,01-02-2025,12-02-2025,14-02-2025,13.0,-257,507.9311748,⚠️ Unknown Shelf Life
61-582-7399,Apricot,73,87,29-03-2024,05-02-2025,22-07-2024,115.0,-464,129.5812287,⚠️ Unknown Shelf Life
42-674-3917,Whole Wheat Flour,41,50,15-09-2024,20-04-2024,06-06-2024,,-510,373.9211527,✅ Safe
05-899-1428,Avocado Oil,14,65,04-10-2024,25-01-2025,01-07-2024,,-485,352.6690113,✅ Safe
74-548-9313,Mango,99,52,24-06-2024,20-09-2024,12-02-2025,233.0,-259,364.7507447,✅ Safe
20-448-2972,Asparagus,80,26,14-01-2025,20-01-2025,16-09-2024,,-408,438.1375163,✅ Safe
63-162-9244,Eggplant,49,37,24-05-2024,11-08-2024,17-05-2024,,-530,257.4258526,✅ Safe
91-417-0366,Grapes,25,41,07-06-2024,07-12-2024,04-12-2024,180.0,-329,399.4875446,⚠️ Unknown Shelf Life
60-311-5701,Sesame Oil,39,54,29-10-2024,19-10-2024,17-07-2024,,-469,362.7304569,✅ Safe
36-899-5324,Orange,94,57,01-08-2024,05-07-2024,19-12-2024,140.0,-314,459.5043036,✅ Safe
22-266-9291,Sardines,11,69,20-07-2024,27-03-2024,08-04-2024,,-569,423.0654594,⚠️ Unknown Shelf Life
76-584-4790,Peanut Oil,21,49,03-06-2024,04-11-2024,01-01-2025,212.0,-301,428.7018621,⚠️ Unknown Shelf Life
82-948-2298,Kiwi,38,53,12-07-2024,17-02-2025,21-11-2024,132.0,-342,139.9997334,✅ Safe
97-283-4840,Palm Oil,58,82,29-04-2024,12-05-2024,24-02-2025,301.0,-247,403.3099576,✅ Safe
17-395-1121,Plum,85,58,18-11-2024,08-10-2024,03-12-2024,15.0,-330,425.9229179,✅ Safe
74-132-5528,Cauliflower,63,62,30-05-2024,21-03-2024,22-01-2025,237.0,-280,479.4498714,✅ Safe
52-029-2382,Coconut Oil,54,29,26-11-2024,15-08-2024,08-04-2024,,-569,646.5122934,⚠️ Unknown Shelf Life
11-053-0107,Cherry,30,42,25-12-2024,12-07-2024,28-06-2024,,-488,353.8433799,⚠️ Unknown Shelf Life
99-194-5600,Cauliflower,57,78,14-06-2024,25-02-2024,14-05-2024,,-533,479.4498714,✅ Safe
48-289-0604,Vegetable Oil,18,25,05-05-2024,12-08-2024,20-06-2024,46.0,-496,305.1998595,⚠️ Unknown Shelf Life
73-010-8323,Tuna,16,35,26-12-2024,27-02-2024,29-04-2024,,-548,295.9060351,✅ Safe
06-068-6793,Buttermilk,39,46,20-07-2024,06-08-2024,15-08-2024,26.0,-440,306.632489,⚠️ Unknown Shelf Life
56-054-8664,Lemon,59,30,04-05-2024,25-03-2024,03-03-2024,,-605,360.7912653,⚠️ Unknown Shelf Life
36-330-5036,Salmon,79,42,01-02-2025,20-09-2024,17-05-2024,,-530,424.1283564,✅ Safe
65-674-6076,Egg (Quail),78,49,27-05-2024,06-10-2024,18-12-2024,205.0,-315,700.0190796,⚠️ Unknown Shelf Life
87-013-6488,Sushi Rice,22,64,08-08-2024,26-10-2024,14-04-2024,,-563,325.0644018,✅ Safe
95-449-1286,Egg (Chicken),10,100,29-12-2024,23-12-2024,08-09-2024,,-416,494.7279645,⚠️ Unknown Shelf Life
95-640-0293,Arborio Rice,34,42,02-05-2024,02-11-2024,07-02-2025,281.0,-264,511.0002497,✅ Safe
08-495-6853,Heavy Cream,74,65,27-12-2024,13-01-2025,14-08-2024,,-441,474.1291691,⚠️ Unknown Shelf Life
42-495-7698,Sushi Rice,10,29,13-02-2025,08-10-2024,22-07-2024,,-464,325.0644018,✅ Safe
83-727-0814,Basmati Rice,11,29,30-08-2024,08-06-2024,05-06-2024,,-511,453.1698104,✅ Safe
01-050-2246,Grapes,99,59,13-07-2024,25-02-2024,08-09-2024,57.0,-416,399.4875446,⚠️ Unknown Shelf Life
07-858-5487,Swiss Cheese,64,53,23-06-2024,16-05-2024,29-12-2024,189.0,-304,448.2867406,⚠️ Unknown Shelf Life
20-283-0111,Pear,58,62,31-12-2024,17-04-2024,06-01-2025,6.0,-296,371.916583,✅ Safe
87-391-9658,Corn Oil,26,45,23-11-2024,18-09-2024,07-01-2025,45.0,-295,357.5611631,✅ Safe
44-782-1395,Raw Sugar,72,39,29-09-2024,26-06-2024,17-11-2024,49.0,-346,379.8621986,⚠️ Short Shelf Life
12-828-1063,Mozzarella Cheese,36,27,28-04-2024,29-03-2024,05-08-2024,99.0,-450,387.0535864,✅ Safe
72-989-2512,Mushrooms,24,85,05-04-2024,27-06-2024,28-10-2024,206.0,-366,474.4229535,⚠️ Unknown Shelf Life
53-667-4109,Onion,16,22,23-07-2024,21-03-2024,24-05-2024,,-523,365.8198818,✅ Safe
93-772-3085,Banana,39,58,30-03-2024,18-07-2024,20-01-2025,296.0,-282,460.7257924,✅ Safe
92-652-3737,Zucchini,89,27,10-11-2024,30-07-2024,01-10-2024,,-393,271.888665,⚠️ Unknown Shelf Life
74-404-0582,Cherry,57,44,10-09-2024,20-11-2024,11-06-2024,,-505,353.8433799,⚠️ Unknown Shelf Life
19-244-9890,Herbal Tea,61,90,07-03-2024,02-10-2024,09-11-2024,247.0,-354,431.9921296,⚠️ Unknown Shelf Life
01-839-6534,Short Grain Rice,56,93,25-10-2024,04-02-2025,02-09-2024,,-422,434.9630961,⚠️ Unknown Shelf Life
58-229-1358,Cream,21,87,05-04-2024,11-09-2024,28-09-2024,176.0,-396,482.8654731,⚠️ Unknown Shelf Life
80-025-6757,Grapes,59,74,04-04-2024,29-11-2024,01-01-2025,272.0,-301,399.4875446,⚠️ Unknown Shelf Life
35-031-1497,Green Coffee,20,38,09-01-2025,04-07-2024,02-11-2024,,-361,432.3435995,✅ Safe
26-629-5920,Rye Bread,99,49,15-05-2024,16-07-2024,14-12-2024,213.0,-319,413.4783107,⚠️ Unknown Shelf Life
51-000-8113,Green Tea,24,49,14-10-2024,31-01-2025,20-11-2024,37.0,-343,400.1817015,⚠️ Unknown Shelf Life
93-571-7294,Sushi Rice,78,69,06-09-2024,03-11-2024,22-05-2024,,-525,325.0644018,✅ Safe
48-770-6319,Egg (Duck),52,77,28-04-2024,21-11-2024,02-02-2025,280.0,-269,442.9710551,⚠️ Unknown Shelf Life
74-818-3306,Spinach,45,25,10-08-2024,27-07-2024,09-05-2024,,-538,321.6063666,⚠️ Unknown Shelf Life
15-082-9124,Apricot,89,49,31-01-2025,08-10-2024,07-05-2024,,-540,129.5812287,⚠️ Unknown Shelf Life
66-854-5736,Kiwi,63,20,11-01-2025,23-12-2024,10-05-2024,,-537,139.9997334,✅ Safe
90-128-7973,Black Rice,49,75,19-09-2024,31-10-2024,13-03-2024,,-595,441.6235088,✅ Safe
60-198-7050,Green Tea,26,92,10-08-2024,24-11-2024,19-03-2024,,-589,400.1817015,⚠️ Unknown Shelf Life
70-206-4860,Egg (Quail),93,30,09-02-2025,11-03-2024,17-09-2024,,-407,700.0190796,⚠️ Unknown Shelf Life
25-353-2067,Papaya,81,23,06-01-2025,04-08-2024,25-07-2024,,-461,703.5016254,✅ Safe
93-218-8108,Heavy Cream,74,99,17-06-2024,22-05-2024,17-11-2024,153.0,-346,474.1291691,⚠️ Unknown Shelf Life
95-262-6208,Black Tea,19,72,24-12-2024,15-04-2024,29-07-2024,,-457,434.6932809,✅ Safe
02-484-0206,Short Grain Rice,64,48,25-11-2024,20-08-2024,02-08-2024,,-453,434.9630961,⚠️ Unknown Shelf Life
08-226-5155,Bell Pepper,49,52,27-04-2024,01-05-2024,27-04-2024,0.0,-550,416.2354092,✅ Safe
47-581-0363,Parmesan Cheese,99,69,14-07-2024,05-12-2024,20-01-2025,190.0,-282,395.576185,⚠️ Unknown Shelf Life
04-104-6993,Buttermilk,60,42,16-11-2024,27-08-2024,15-10-2024,,-379,306.632489,⚠️ Unknown Shelf Life
45-380-4627,Cabbage,90,52,20-10-2024,11-01-2025,16-02-2025,119.0,-255,390.2796614,✅ Safe
41-240-8856,Haddock,79,45,18-08-2024,29-05-2024,10-01-2025,145.0,-292,360.9852506,✅ Safe
81-573-0943,Egg (Chicken),22,33,07-02-2025,28-06-2024,14-11-2024,,-349,494.7279645,⚠️ Unknown Shelf Life
67-725-6830,Brown Rice,51,53,23-11-2024,11-08-2024,18-06-2024,,-498,349.2889915,✅ Safe
55-154-4728,Arabica Coffee,65,28,02-04-2024,07-01-2025,29-03-2024,,-579,373.8965892,⚠️ Unknown Shelf Life
41-526-4036,Whipped Cream,55,69,13-05-2024,02-03-2024,29-01-2025,261.0,-273,397.2204151,⚠️ Unknown Shelf Life
86-273-9377,White Rice,18,64,26-12-2024,04-12-2024,29-11-2024,,-334,493.271631,⚠️ Unknown Shelf Life
98-499-2220,Parmesan Cheese,37,39,25-10-2024,22-04-2024,21-11-2024,27.0,-342,395.576185,⚠️ Unknown Shelf Life
50-930-4751,Salmon,88,96,24-02-2025,24-06-2024,25-02-2024,,-612,424.1283564,✅ Safe
88-304-2855,Pineapple,20,80,03-04-2024,24-01-2025,12-02-2025,315.0,-259,423.9910042,✅ Safe
69-743-0161,Bread Flour,99,80,22-10-2024,14-08-2024,21-11-2024,30.0,-342,371.6149565,⚠️ Unknown Shelf Life
40-902-1995,Asparagus,46,59,08-10-2024,08-12-2024,01-04-2024,,-576,438.1375163,✅ Safe
50-329-3360,Wild Rice,19,62,07-11-2024,16-02-2025,25-08-2024,,-430,423.4302664,✅ Safe
03-441-4252,Yogurt,12,22,27-10-2024,28-06-2024,24-07-2024,,-462,460.1233468,✅ Safe
97-093-4278,Buttermilk,69,29,29-10-2024,09-04-2024,01-06-2024,,-515,306.632489,⚠️ Unknown Shelf Life
01-820-5784,Egg (Duck),63,23,23-12-2024,12-02-2025,26-04-2024,,-551,442.9710551,⚠️ Unknown Shelf Life
31-803-5001,Asparagus,78,25,12-10-2024,04-12-2024,01-06-2024,,-515,438.1375163,✅ Safe
61-317-9944,White Bread,72,87,29-06-2024,17-05-2024,29-10-2024,122.0,-365,481.9265346,⚠️ Unknown Shelf Life
56-303-5256,Wild Rice,58,75,24-08-2024,17-11-2024,21-03-2024,,-587,423.4302664,✅ Safe
86-672-4191,Egg (Goose),88,54,04-01-2025,29-09-2024,08-02-2025,35.0,-263,423.7370881,⚠️ Short Shelf Life
34-547-0827,White Rice,54,94,07-04-2024,17-01-2025,05-07-2024,89.0,-481,493.271631,⚠️ Unknown Shelf Life
20-387-7746,Powdered Sugar,64,97,14-10-2024,05-06-2024,27-10-2024,13.0,-367,393.2003172,✅ Safe
50-329-3145,Milk,12,31,06-11-2024,20-12-2024,21-04-2024,,-556,361.8548289,✅ Safe
02-559-8196,Mango,61,74,10-06-2024,12-12-2024,25-07-2024,45.0,-461,364.7507447,✅ Safe
69-834-2874,Oatmeal Biscuit,28,28,27-03-2024,25-06-2024,07-10-2024,194.0,-387,341.9721863,✅ Safe
27-474-0056,Spinach,23,95,20-03-2024,19-12-2024,19-06-2024,91.0,-497,321.6063666,⚠️ Unknown Shelf Life
66-378-7532,Blueberries,87,55,07-01-2025,05-06-2024,06-05-2024,,-541,473.717321,✅ Safe
28-185-7303,Robusta Coffee,59,48,15-09-2024,21-01-2025,22-10-2024,37.0,-372,363.5477535,⚠️ Unknown Shelf Life
19-854-3663,Watermelon,13,100,19-11-2024,05-05-2024,14-12-2024,25.0,-319,576.827864,✅ Safe
42-175-1648,Pomegranate,81,94,08-01-2025,25-01-2025,09-09-2024,,-415,456.4084181,✅ Safe
56-657-4387,White Bread,61,51,21-03-2024,29-02-2024,22-06-2024,93.0,-494,481.9265346,⚠️ Unknown Shelf Life
05-720-8792,Carrot,80,81,24-03-2024,08-07-2024,26-10-2024,216.0,-368,382.8071703,✅ Safe
84-151-2114,Brown Rice,39,77,06-12-2024,06-03-2024,11-08-2024,,-444,349.2889915,✅ Safe
10-378-9729,Cabbage,69,36,23-12-2024,26-11-2024,21-09-2024,,-403,390.2796614,✅ Safe
53-930-2215,Egg (Goose),60,77,05-07-2024,04-10-2024,09-07-2024,4.0,-477,423.7370881,⚠️ Short Shelf Life
02-034-6209,Sour Cream,22,45,01-02-2025,26-07-2024,08-10-2024,,-386,160.9998443,✅ Safe
28-003-8065,Almond Flour,79,83,19-07-2024,16-02-2025,28-01-2025,193.0,-274,281.3810891,⚠️ Unknown Shelf Life
19-021-5024,Broccoli,47,76,19-05-2024,13-02-2025,07-05-2024,,-540,660.352661,⚠️ Unknown Shelf Life
07-846-4804,Jasmine Rice,20,78,08-10-2024,02-07-2024,25-09-2024,,-399,227.4875772,⚠️ Unknown Shelf Life
70-542-4269,Gouda Cheese,41,86,19-06-2024,23-04-2024,17-04-2024,,-560,525.108255,✅ Safe
52-797-6961,Tilapia,46,62,19-09-2024,07-06-2024,17-06-2024,,-499,580.0704633,⚠️ Unknown Shelf Life
66-327-2821,Palm Oil,67,78,02-08-2024,10-04-2024,27-05-2024,,-520,403.3099576,✅ Safe
12-093-9863,Arborio Rice,51,73,23-11-2024,09-02-2025,26-06-2024,,-490,511.0002497,✅ Safe
08-396-2704,White Sugar,42,80,10-03-2024,01-04-2024,10-05-2024,61.0,-537,380.5930022,⚠️ Unknown Shelf Life
72-970-0239,Sesame Oil,85,78,30-06-2024,24-07-2024,18-07-2024,18.0,-468,362.7304569,✅ Safe
03-940-0630,Sunflower Oil,23,91,08-11-2024,31-10-2024,03-04-2024,,-574,686.0000721,⚠️ Unknown Shelf Life
67-130-4114,Bell Pepper,84,46,15-04-2024,27-02-2024,24-01-2025,284.0,-278,416.2354092,✅ Safe
32-270-1385,Greek Yogurt,28,48,28-10-2024,15-12-2024,08-08-2024,,-447,383.9981383,✅ Safe
85-510-2915,White Bread,62,42,16-12-2024,29-05-2024,09-10-2024,,-385,481.9265346,⚠️ Unknown Shelf Life
00-842-9790,Egg (Goose),65,66,31-07-2024,30-01-2025,28-12-2024,150.0,-305,423.7370881,⚠️ Short Shelf Life
49-377-9731,Lime,18,54,02-06-2024,03-10-2024,19-04-2024,,-558,736.2266094,⚠️ Unknown Shelf Life
96-682-8546,Egg (Chicken),70,62,31-03-2024,26-10-2024,17-09-2024,170.0,-407,494.7279645,⚠️ Unknown Shelf Life
92-837-8839,Vegetable Oil,23,63,14-04-2024,16-01-2025,18-08-2024,126.0,-437,305.1998595,⚠️ Unknown Shelf Life
68-732-5919,Jasmine Rice,26,75,07-02-2025,29-10-2024,17-05-2024,,-530,227.4875772,⚠️ Unknown Shelf Life
37-064-7275,Robusta Coffee,20,72,22-03-2024,25-06-2024,22-09-2024,184.0,-402,363.5477535,⚠️ Unknown Shelf Life
43-193-9915,Mozzarella Cheese,55,48,17-01-2025,12-07-2024,23-09-2024,,-401,387.0535864,✅ Safe
45-992-5653,Whole Wheat Flour,82,26,25-03-2024,07-07-2024,19-10-2024,208.0,-375,373.9211527,✅ Safe
45-852-2446,Salmon,73,89,15-09-2024,08-06-2024,29-11-2024,75.0,-334,424.1283564,✅ Safe
57-394-4703,White Tea,81,74,26-10-2024,07-01-2025,16-10-2024,,-378,445.4706326,⚠️ Unknown Shelf Life
07-679-1199,Onion,20,51,04-07-2024,10-07-2024,15-10-2024,103.0,-379,365.8198818,✅ Safe
47-221-3391,Black Coffee,78,54,06-04-2024,09-07-2024,12-09-2024,159.0,-412,461.2992648,⚠️ Unknown Shelf Life
80-698-0324,Butter Biscuit,84,51,17-04-2024,04-02-2025,25-05-2024,38.0,-522,413.0836426,⚠️ Unknown Shelf Life
36-383-3677,Corn Oil,32,52,16-06-2024,29-05-2024,02-02-2025,231.0,-269,357.5611631,✅ Safe
42-907-6946,Coconut Oil,90,55,06-07-2024,01-01-2025,31-08-2024,56.0,-424,646.5122934,⚠️ Unknown Shelf Life
96-209-1739,Evaporated Milk,70,24,08-09-2024,27-02-2024,29-02-2024,,-608,507.9311748,⚠️ Unknown Shelf Life
36-679-4670,Bell Pepper,90,81,30-06-2024,22-02-2025,13-01-2025,197.0,-289,416.2354092,✅ Safe
08-637-9335,Lettuce,100,26,16-12-2024,06-03-2024,25-07-2024,,-461,310.1859413,⚠️ Unknown Shelf Life
56-875-3717,Brown Rice,89,64,09-10-2024,01-08-2024,03-05-2024,,-544,349.2889915,✅ Safe
86-978-6666,Whole Wheat Flour,38,34,01-10-2024,26-07-2024,15-09-2024,,-409,373.9211527,✅ Safe
41-475-5305,Rye Bread,61,71,19-04-2024,13-03-2024,12-09-2024,146.0,-412,413.4783107,⚠️ Unknown Shelf Life
25-911-7736,Orange,75,96,11-12-2024,17-08-2024,29-08-2024,,-426,459.5043036,✅ Safe
28-433-8533,Multigrain Bread,87,73,08-05-2024,27-02-2024,02-02-2025,270.0,-269,352.8990429,✅ Safe
84-624-0201,Bread Flour,71,34,17-07-2024,09-11-2024,20-01-2025,187.0,-282,371.6149565,⚠️ Unknown Shelf Life
45-634-0679,Haddock,98,53,13-10-2024,28-02-2024,27-08-2024,,-428,360.9852506,✅ Safe
93-014-4256,Green Beans,19,51,05-01-2025,11-01-2025,13-10-2024,,-381,252.4483422,⚠️ Unknown Shelf Life
24-989-3302,Coconut,85,61,25-05-2024,03-06-2024,30-07-2024,66.0,-456,345.5123411,✅ Safe
46-415-8633,Apple,71,87,29-01-2025,17-11-2024,02-01-2025,,-300,368.9183574,⚠️ Unknown Shelf Life
73-117-6105,Brown Rice,44,67,23-08-2024,17-09-2024,23-01-2025,153.0,-279,349.2889915,✅ Safe
53-710-7630,Rice Flour,25,24,25-06-2024,09-07-2024,14-01-2025,203.0,-288,364.4135974,✅ Safe
10-617-7581,Peanut Oil,24,98,20-06-2024,30-03-2024,17-06-2024,,-499,428.7018621,⚠️ Unknown Shelf Life
66-312-5511,Anchovies,44,80,27-05-2024,10-04-2024,15-12-2024,202.0,-318,452.8453238,✅ Safe
87-423-8486,Powdered Sugar,63,40,17-08-2024,21-03-2024,09-03-2024,,-599,393.2003172,✅ Safe
64-493-5270,Palm Oil,69,63,30-10-2024,23-05-2024,22-05-2024,,-525,403.3099576,✅ Safe
31-255-9616,Tuna,88,28,14-03-2024,28-12-2024,16-03-2024,2.0,-592,295.9060351,✅ Safe
26-799-3714,Robusta Coffee,74,37,29-02-2024,03-02-2025,06-04-2024,37.0,-571,363.5477535,⚠️ Unknown Shelf Life
64-119-7804,Bell Pepper,98,86,25-06-2024,06-03-2024,29-12-2024,187.0,-304,416.2354092,✅ Safe
74-181-4135,Egg (Chicken),22,88,18-04-2024,17-03-2024,17-09-2024,152.0,-407,494.7279645,⚠️ Unknown Shelf Life
34-369-7712,Apricot,55,23,16-05-2024,11-05-2024,06-06-2024,21.0,-510,129.5812287,⚠️ Unknown Shelf Life
31-157-1822,Ricotta Cheese,96,94,19-12-2024,30-07-2024,28-01-2025,40.0,-274,391.3243601,⚠️ Unknown Shelf Life
27-459-0724,Feta Cheese,91,32,09-11-2024,12-08-2024,24-02-2025,107.0,-247,412.776759,✅ Safe
47-441-7682,Digestive Biscuit,40,28,29-07-2024,12-12-2024,30-11-2024,124.0,-333,484.3173744,✅ Safe
32-676-1026,Salmon,52,43,18-12-2024,04-06-2024,16-04-2024,,-561,424.1283564,✅ Safe
77-959-1018,Lettuce,22,62,15-01-2025,30-04-2024,12-06-2024,,-504,310.1859413,⚠️ Unknown Shelf Life
60-911-3745,Black Rice,98,70,05-01-2025,31-08-2024,18-01-2025,13.0,-284,441.6235088,✅ Safe
57-101-0060,Whole Wheat Flour,59,32,13-02-2025,01-01-2025,11-09-2024,,-413,373.9211527,✅ Safe
54-758-4622,Chocolate Biscuit,99,65,05-06-2024,16-01-2025,21-11-2024,169.0,-342,650.0817596,✅ Safe
92-152-5820,Black Tea,18,65,12-05-2024,01-05-2024,24-06-2024,43.0,-492,434.6932809,✅ Safe
44-637-5512,Watermelon,58,71,22-01-2025,12-01-2025,26-05-2024,,-521,576.827864,✅ Safe
65-854-9364,Black Rice,30,61,04-11-2024,19-12-2024,22-04-2024,,-555,441.6235088,✅ Safe
60-747-8704,Papaya,97,53,12-07-2024,29-09-2024,22-08-2024,41.0,-433,703.5016254,✅ Safe
85-835-3445,Egg (Goose),50,78,11-01-2025,02-03-2024,12-05-2024,,-535,423.7370881,⚠️ Short Shelf Life
66-716-8221,Cheddar Cheese,70,63,08-02-2025,24-06-2024,17-01-2025,,-285,445.8193389,✅ Safe
01-026-2772,Blueberries,40,76,28-08-2024,11-06-2024,27-05-2024,,-520,473.717321,✅ Safe
21-252-1360,Corn Oil,75,100,22-06-2024,04-09-2024,04-07-2024,12.0,-482,357.5611631,✅ Safe
80-039-1261,Strawberries,26,94,25-09-2024,28-11-2024,12-06-2024,,-504,658.0002286,✅ Safe
48-427-0551,Arabica Coffee,13,67,17-10-2024,16-12-2024,03-11-2024,17.0,-360,373.8965892,⚠️ Unknown Shelf Life
02-575-1980,Plum,11,99,28-02-2024,09-07-2024,24-11-2024,270.0,-339,425.9229179,✅ Safe
61-293-6327,Salmon,98,21,09-08-2024,29-12-2024,04-04-2024,,-573,424.1283564,✅ Safe
08-519-5579,Broccoli,35,90,09-08-2024,22-08-2024,16-08-2024,7.0,-439,660.352661,⚠️ Unknown Shelf Life
33-670-6797,Mackerel,45,35,14-07-2024,26-08-2024,05-07-2024,,-481,645.8309827,⚠️ Short Shelf Life
29-741-8132,Kale,47,26,02-03-2024,14-07-2024,03-06-2024,93.0,-513,189.6823622,⚠️ Unknown Shelf Life
89-713-6071,Sesame Oil,89,39,13-01-2025,19-11-2024,25-11-2024,,-338,362.7304569,✅ Safe
00-641-8691,Black Coffee,33,96,28-11-2024,24-09-2024,30-08-2024,,-425,461.2992648,⚠️ Unknown Shelf Life
68-977-6854,Apricot,90,76,19-08-2024,29-07-2024,02-03-2024,,-606,129.5812287,⚠️ Unknown Shelf Life
86-257-4613,Jasmine Rice,44,63,15-03-2024,23-08-2024,05-08-2024,143.0,-450,227.4875772,⚠️ Unknown Shelf Life
06-340-6856,Wild Rice,41,93,06-05-2024,25-11-2024,29-02-2024,,-608,423.4302664,✅ Safe
11-338-4598,Potato,72,96,16-10-2024,03-02-2025,23-02-2025,130.0,-248,25.07746456,⚠️ Unknown Shelf Life
82-711-0772,Egg (Goose),72,36,15-02-2025,16-05-2024,23-10-2024,,-371,423.7370881,⚠️ Short Shelf Life
05-184-4175,Black Coffee,40,33,05-09-2024,23-10-2024,03-05-2024,,-544,461.2992648,⚠️ Unknown Shelf Life
17-274-6898,Whole Wheat Bread,36,67,07-07-2024,01-06-2024,22-03-2024,,-586,574.3111089,✅ Safe
79-569-8856,Vegetable Oil,51,24,01-04-2024,19-05-2024,11-06-2024,71.0,-505,305.1998595,⚠️ Unknown Shelf Life
00-534-9775,Black Coffee,87,90,29-12-2024,23-05-2024,17-08-2024,,-438,461.2992648,⚠️ Unknown Shelf Life
94-071-2261,Pear,79,33,01-09-2024,02-03-2024,30-03-2024,,-578,371.916583,✅ Safe
94-355-3070,Tilapia,14,64,26-07-2024,13-07-2024,23-07-2024,,-463,580.0704633,⚠️ Unknown Shelf Life
17-265-1899,Orange,81,86,30-12-2024,25-03-2024,10-02-2025,42.0,-261,459.5043036,✅ Safe
13-888-0149,Lime,75,32,17-02-2025,30-12-2024,15-03-2024,,-593,736.2266094,⚠️ Unknown Shelf Life
21-890-2826,Gouda Cheese,48,59,15-06-2024,04-05-2024,19-09-2024,96.0,-405,525.108255,✅ Safe
05-425-0746,Onion,50,40,12-12-2024,09-05-2024,05-06-2024,,-511,365.8198818,✅ Safe
88-807-8431,Haddock,11,86,02-01-2025,06-06-2024,09-02-2025,38.0,-262,360.9852506,✅ Safe
77-377-1659,Almond Flour,74,24,25-08-2024,22-01-2025,19-06-2024,,-497,281.3810891,⚠️ Unknown Shelf Life
92-362-3567,Tomato,11,93,10-10-2024,06-05-2024,25-12-2024,76.0,-308,596.3684235,⚠️ Unknown Shelf Life
99-961-0767,Heavy Cream,85,95,16-04-2024,25-10-2024,06-12-2024,234.0,-327,474.1291691,⚠️ Unknown Shelf Life
94-092-3355,Cauliflower,57,87,13-06-2024,01-12-2024,04-08-2024,52.0,-451,479.4498714,✅ Safe
29-344-3658,Lime,75,63,27-10-2024,25-10-2024,19-09-2024,,-405,736.2266094,⚠️ Unknown Shelf Life
60-327-4114,Egg (Turkey),63,78,07-09-2024,22-11-2024,17-10-2024,40.0,-377,440.8905708,✅ Safe
13-409-9040,White Tea,35,53,30-06-2024,05-08-2024,08-01-2025,192.0,-294,445.4706326,⚠️ Unknown Shelf Life
75-927-9108,Cabbage,24,55,29-09-2024,17-06-2024,02-07-2024,,-484,390.2796614,✅ Safe
30-806-3823,Jasmine Rice,53,100,02-03-2024,04-07-2024,06-03-2024,4.0,-602,227.4875772,⚠️ Unknown Shelf Life
65-780-5622,Butter Biscuit,74,51,05-02-2025,02-05-2024,27-05-2024,,-520,413.0836426,⚠️ Unknown Shelf Life
94-598-3383,Brown Rice,79,43,05-07-2024,08-10-2024,01-09-2024,58.0,-423,349.2889915,✅ Safe
45-250-4679,Bread Flour,54,41,02-05-2024,23-11-2024,05-07-2024,64.0,-481,371.6149565,⚠️ Unknown Shelf Life
45-317-9731,Palm Oil,44,46,08-07-2024,07-01-2025,20-08-2024,43.0,-435,403.3099576,✅ Safe
41-131-3841,Almond Flour,77,27,29-10-2024,23-01-2025,20-03-2024,,-588,281.3810891,⚠️ Unknown Shelf Life
15-905-7750,Apricot,42,86,02-12-2024,31-01-2025,29-09-2024,,-395,129.5812287,⚠️ Unknown Shelf Life
68-973-8812,Sweet Potato,44,89,27-07-2024,22-06-2024,24-05-2024,,-523,678.9999241,✅ Safe
49-570-8214,Sour Cream,81,68,13-05-2024,27-05-2024,18-12-2024,219.0,-315,160.9998443,✅ Safe
57-779-4955,Black Rice,92,38,29-11-2024,01-12-2024,20-01-2025,52.0,-282,441.6235088,✅ Safe
85-781-5386,Salmon,78,47,25-03-2024,20-03-2024,28-12-2024,278.0,-305,424.1283564,✅ Safe
72-341-1154,Heavy Cream,85,65,06-01-2025,31-10-2024,09-09-2024,,-415,474.1291691,⚠️ Unknown Shelf Life
28-986-8001,Pomegranate,65,80,14-08-2024,15-06-2024,13-10-2024,60.0,-381,456.4084181,✅ Safe
82-811-7988,Olive Oil,36,74,03-03-2024,13-06-2024,13-12-2024,285.0,-320,448.378783,⚠️ Unknown Shelf Life
27-495-1912,Potato,26,84,09-05-2024,29-02-2024,24-05-2024,15.0,-523,25.07746456,⚠️ Unknown Shelf Life
44-480-9446,Sunflower Oil,39,84,13-09-2024,19-02-2025,14-03-2024,,-594,686.0000721,⚠️ Unknown Shelf Life
77-937-1108,White Sugar,39,73,31-12-2024,23-04-2024,12-04-2024,,-565,380.5930022,⚠️ Unknown Shelf Life
82-538-4809,Cabbage,83,35,16-09-2024,05-11-2024,24-10-2024,38.0,-370,390.2796614,✅ Safe
69-895-3397,Cucumber,28,33,16-01-2025,16-01-2025,04-03-2024,,-604,503.6275588,⚠️ Unknown Shelf Life
44-112-3331,Tuna,85,92,05-11-2024,02-07-2024,08-04-2024,,-569,295.9060351,✅ Safe
93-682-2069,Lime,76,77,06-12-2024,23-06-2024,16-08-2024,,-439,736.2266094,⚠️ Unknown Shelf Life
49-199-6836,Tomato,100,84,15-12-2024,30-12-2024,24-08-2024,,-431,596.3684235,⚠️ Unknown Shelf Life
47-221-2470,Pomegranate,17,37,25-07-2024,03-04-2024,10-10-2024,77.0,-384,456.4084181,✅ Safe
71-067-3278,Anchovies,51,80,22-10-2024,08-05-2024,16-08-2024,,-439,452.8453238,✅ Safe
89-388-3239,Grapes,54,81,12-02-2025,24-05-2024,19-04-2024,,-558,399.4875446,⚠️ Unknown Shelf Life
10-555-5971,Sourdough Bread,94,47,04-01-2025,02-12-2024,27-09-2024,,-397,382.1733715,⚠️ Unknown Shelf Life
82-931-7126,Asparagus,34,41,14-10-2024,17-10-2024,12-05-2024,,-535,438.1375163,✅ Safe
24-228-6840,Herbal Tea,27,34,16-04-2024,09-08-2024,28-11-2024,226.0,-335,431.9921296,⚠️ Unknown Shelf Life
52-392-5312,All-Purpose Flour,50,87,06-11-2024,19-02-2025,24-07-2024,,-462,561.8739233,⚠️ Unknown Shelf Life
36-531-4087,Almond Flour,85,26,24-03-2024,25-10-2024,14-03-2024,,-594,281.3810891,⚠️ Unknown Shelf Life
39-810-2042,Rice Flour,24,98,02-06-2024,25-01-2025,05-09-2024,95.0,-419,364.4135974,✅ Safe
55-164-7723,Halibut,82,66,10-04-2024,17-05-2024,08-01-2025,273.0,-294,492.4372517,⚠️ Unknown Shelf Life
61-680-9496,Apple,17,36,24-03-2024,05-10-2024,14-04-2024,21.0,-563,368.9183574,⚠️ Unknown Shelf Life
24-143-4957,Canola Oil,25,72,22-10-2024,22-06-2024,15-08-2024,,-440,457.3446442,✅ Safe
26-456-1992,Tilapia,56,65,26-01-2025,23-12-2024,29-07-2024,,-457,580.0704633,⚠️ Unknown Shelf Life
62-998-7250,Evaporated Milk,72,52,18-01-2025,31-07-2024,05-10-2024,,-389,507.9311748,⚠️ Unknown Shelf Life
38-617-7226,Mushrooms,65,54,24-10-2024,19-06-2024,13-07-2024,,-473,474.4229535,⚠️ Unknown Shelf Life
00-366-9496,Grapes,30,63,09-08-2024,08-02-2025,28-12-2024,141.0,-305,399.4875446,⚠️ Unknown Shelf Life
76-027-4850,Onion,39,25,27-11-2024,26-08-2024,24-06-2024,,-492,365.8198818,✅ Safe
27-269-5260,Pineapple,14,74,17-11-2024,15-03-2024,22-10-2024,,-372,423.9910042,✅ Safe
40-126-0515,Carrot,74,91,14-02-2025,04-03-2024,18-12-2024,,-315,382.8071703,✅ Safe
31-387-5020,Parmesan Cheese,63,37,22-10-2024,17-12-2024,14-08-2024,,-441,395.576185,⚠️ Unknown Shelf Life
13-673-7016,Peach,47,36,04-12-2024,22-07-2024,23-02-2025,81.0,-248,449.8324411,⚠️ Unknown Shelf Life
85-212-2729,Egg (Turkey),42,61,17-12-2024,21-12-2024,16-05-2024,,-531,440.8905708,✅ Safe
99-048-8310,Tomato,32,80,06-07-2024,22-04-2024,27-05-2024,,-520,596.3684235,⚠️ Unknown Shelf Life
19-112-1616,Lettuce,88,25,12-01-2025,12-04-2024,28-06-2024,,-488,310.1859413,⚠️ Unknown Shelf Life
98-546-7398,Yogurt,80,41,27-08-2024,03-05-2024,17-04-2024,,-560,460.1233468,✅ Safe
63-874-9747,Orange,36,25,08-07-2024,09-12-2024,11-11-2024,126.0,-352,459.5043036,✅ Safe
58-946-5152,Bread Flour,11,77,26-10-2024,05-11-2024,10-07-2024,,-476,371.6149565,⚠️ Unknown Shelf Life
65-867-4029,Peach,40,92,05-06-2024,03-09-2024,16-06-2024,11.0,-500,449.8324411,⚠️ Unknown Shelf Life
89-328-9019,Bread Flour,63,55,20-08-2024,20-04-2024,08-12-2024,110.0,-325,371.6149565,⚠️ Unknown Shelf Life
02-170-5225,Raw Sugar,90,80,28-05-2024,18-09-2024,23-02-2025,271.0,-248,379.8621986,⚠️ Short Shelf Life
24-478-8277,Multigrain Bread,47,30,13-12-2024,12-01-2025,26-11-2024,,-337,352.8990429,✅ Safe
91-290-9062,Digestive Biscuit,29,80,21-03-2024,19-04-2024,25-09-2024,188.0,-399,484.3173744,✅ Safe
44-546-5713,Peach,94,24,08-07-2024,16-01-2025,13-02-2025,220.0,-258,449.8324411,⚠️ Unknown Shelf Life
20-031-0532,Mango,32,84,17-11-2024,25-07-2024,09-11-2024,,-354,364.7507447,✅ Safe
48-242-8445,Plum,40,45,04-03-2024,15-06-2024,24-06-2024,112.0,-492,425.9229179,✅ Safe
33-378-1365,Egg (Goose),50,76,22-10-2024,07-12-2024,04-02-2025,105.0,-267,423.7370881,⚠️ Short Shelf Life
57-763-5501,Cod,72,54,06-03-2024,07-04-2024,24-03-2024,18.0,-584,486.2174759,⚠️ Unknown Shelf Life
71-015-9181,Pomegranate,22,41,30-08-2024,27-08-2024,26-10-2024,57.0,-368,456.4084181,✅ Safe
14-115-8371,Chocolate Biscuit,23,97,07-01-2025,19-09-2024,01-09-2024,,-423,650.0817596,✅ Safe
83-568-3475,Halibut,35,74,17-04-2024,04-04-2024,10-02-2025,299.0,-261,492.4372517,⚠️ Unknown Shelf Life
79-884-8810,Cucumber,12,45,20-02-2025,06-12-2024,15-08-2024,,-440,503.6275588,⚠️ Unknown Shelf Life
50-772-2613,Cheddar Cheese,86,100,20-06-2024,19-05-2024,23-03-2024,,-585,445.8193389,✅ Safe
19-377-5021,Mackerel,91,90,14-02-2025,11-08-2024,24-12-2024,,-309,645.8309827,⚠️ Short Shelf Life
39-913-2999,Evaporated Milk,23,68,09-06-2024,06-04-2024,10-04-2024,,-567,507.9311748,⚠️ Unknown Shelf Life
46-911-1159,Onion,98,46,03-02-2025,30-10-2024,19-12-2024,,-314,365.8198818,✅ Safe
40-630-1431,Cherry,29,74,29-10-2024,11-07-2024,07-11-2024,9.0,-356,353.8433799,⚠️ Unknown Shelf Life
15-797-4824,Coconut,32,38,30-05-2024,20-11-2024,14-01-2025,229.0,-288,345.5123411,✅ Safe
37-248-6266,Pear,84,64,24-12-2024,17-10-2024,24-05-2024,,-523,371.916583,✅ Safe
22-760-4605,Yogurt,86,83,12-02-2025,07-07-2024,03-08-2024,,-452,460.1233468,✅ Safe
80-020-8041,Black Rice,11,49,06-06-2024,03-12-2024,08-07-2024,32.0,-478,441.6235088,✅ Safe
44-634-8292,Whole Wheat Flour,60,51,23-02-2025,09-03-2024,02-01-2025,,-300,373.9211527,✅ Safe
19-610-2236,Whole Wheat Bread,58,98,07-12-2024,03-08-2024,19-03-2024,,-589,574.3111089,✅ Safe
49-579-4325,Ricotta Cheese,64,55,24-05-2024,22-08-2024,17-05-2024,,-530,391.3243601,⚠️ Unknown Shelf Life
42-134-9798,Canola Oil,19,33,11-10-2024,23-10-2024,30-12-2024,80.0,-303,457.3446442,✅ Safe
84-546-7624,Cherry,43,27,16-06-2024,08-04-2024,01-06-2024,,-515,353.8433799,⚠️ Unknown Shelf Life
11-891-8213,Peanut Oil,38,41,02-12-2024,12-12-2024,13-11-2024,,-350,428.7018621,⚠️ Unknown Shelf Life
03-597-9488,Buttermilk,70,47,11-11-2024,11-07-2024,28-03-2024,,-580,306.632489,⚠️ Unknown Shelf Life
89-624-7462,Asparagus,18,58,18-10-2024,16-02-2025,24-11-2024,37.0,-339,438.1375163,✅ Safe
89-335-0155,Brown Rice,46,48,05-09-2024,11-09-2024,16-01-2025,133.0,-286,349.2889915,✅ Safe
59-725-4038,Arabica Coffee,78,62,13-11-2024,26-08-2024,23-08-2024,,-432,373.8965892,⚠️ Unknown Shelf Life
78-953-2073,Canola Oil,53,83,12-06-2024,01-10-2024,04-01-2025,206.0,-298,457.3446442,✅ Safe
91-426-3204,Haddock,67,76,19-12-2024,14-04-2024,08-07-2024,,-478,360.9852506,✅ Safe
40-913-9772,Egg (Chicken),36,68,11-04-2024,03-03-2024,26-05-2024,45.0,-521,494.7279645,⚠️ Unknown Shelf Life
89-922-4773,Whole Wheat Flour,39,92,22-06-2024,02-07-2024,27-12-2024,188.0,-306,373.9211527,✅ Safe
17-236-0566,Sweet Potato,95,61,12-10-2024,02-03-2024,04-08-2024,,-451,678.9999241,✅ Safe
74-234-0628,Almond Flour,12,56,08-05-2024,15-12-2024,13-05-2024,5.0,-534,281.3810891,⚠️ Unknown Shelf Life
80-441-7249,Wild Rice,98,31,25-11-2024,14-04-2024,10-08-2024,,-445,423.4302664,✅ Safe
54-708-7327,Jasmine Rice,50,52,09-01-2025,28-03-2024,15-04-2024,,-562,227.4875772,⚠️ Unknown Shelf Life
15-846-7959,Zucchini,98,48,17-04-2024,01-12-2024,20-03-2024,,-588,271.888665,⚠️ Unknown Shelf Life
44-368-7112,Corn Oil,28,32,22-12-2024,02-05-2024,06-12-2024,,-327,357.5611631,✅ Safe
03-833-3577,Cucumber,67,81,02-05-2024,20-08-2024,16-10-2024,167.0,-378,503.6275588,⚠️ Unknown Shelf Life
47-548-6500,Onion,20,23,20-10-2024,07-03-2024,25-12-2024,66.0,-308,365.8198818,✅ Safe
12-342-4482,Trout,67,66,27-10-2024,30-09-2024,29-08-2024,,-426,791.3447442,✅ Safe
07-834-3320,Egg (Quail),94,100,08-12-2024,07-03-2024,20-09-2024,,-404,700.0190796,⚠️ Unknown Shelf Life
16-187-5729,Black Tea,45,90,06-01-2025,21-03-2024,30-03-2024,,-578,434.6932809,✅ Safe
64-109-7362,Anchovies,86,37,19-12-2024,09-07-2024,29-09-2024,,-395,452.8453238,✅ Safe
06-655-5498,Wild Rice,72,51,03-08-2024,09-07-2024,28-09-2024,56.0,-396,423.4302664,✅ Safe
24-975-4231,Green Beans,31,55,10-03-2024,09-07-2024,17-08-2024,160.0,-438,252.4483422,⚠️ Unknown Shelf Life
98-652-9569,Butter Biscuit,12,72,06-02-2025,17-02-2025,23-06-2024,,-493,413.0836426,⚠️ Unknown Shelf Life
25-522-6043,Gouda Cheese,71,77,09-10-2024,19-08-2024,03-02-2025,117.0,-268,525.108255,✅ Safe
28-275-5901,Anchovies,64,49,05-04-2024,23-04-2024,24-01-2025,294.0,-278,452.8453238,✅ Safe
96-164-0607,Coconut Oil,89,91,31-07-2024,20-12-2024,17-10-2024,78.0,-377,646.5122934,⚠️ Unknown Shelf Life
93-815-0565,Sesame Oil,50,53,12-12-2024,12-08-2024,01-07-2024,,-485,362.7304569,✅ Safe
63-918-8253,Mango,53,41,24-02-2025,04-07-2024,29-09-2024,,-395,364.7507447,✅ Safe
57-167-0669,Haddock,19,29,21-11-2024,17-02-2025,30-12-2024,39.0,-303,360.9852506,✅ Safe
52-402-9245,Broccoli,89,93,16-10-2024,12-02-2025,19-09-2024,,-405,660.352661,⚠️ Unknown Shelf Life
17-647-0503,Cod,96,97,11-05-2024,24-05-2024,20-08-2024,101.0,-435,486.2174759,⚠️ Unknown Shelf Life
67-984-5368,Parmesan Cheese,52,31,27-09-2024,04-10-2024,28-07-2024,,-458,395.576185,⚠️ Unknown Shelf Life
77-827-0820,Sesame Oil,97,51,16-06-2024,06-11-2024,09-11-2024,146.0,-354,362.7304569,✅ Safe
27-387-0428,Halibut,88,92,23-06-2024,29-11-2024,09-04-2024,,-568,492.4372517,⚠️ Unknown Shelf Life
79-350-5841,Jasmine Rice,33,93,15-03-2024,05-09-2024,17-04-2024,33.0,-560,227.4875772,⚠️ Unknown Shelf Life
44-128-2185,Jasmine Rice,98,51,14-08-2024,10-07-2024,30-12-2024,138.0,-303,227.4875772,⚠️ Unknown Shelf Life
48-789-9187,Peach,45,84,06-12-2024,26-06-2024,15-11-2024,,-348,449.8324411,⚠️ Unknown Shelf Life
21-809-7115,White Rice,80,46,05-05-2024,22-07-2024,24-02-2025,295.0,-247,493.271631,⚠️ Unknown Shelf Life
19-323-0506,Halibut,68,75,17-11-2024,28-04-2024,15-10-2024,,-379,492.4372517,⚠️ Unknown Shelf Life
04-637-8815,Apricot,90,34,24-11-2024,27-11-2024,24-11-2024,0.0,-339,129.5812287,⚠️ Unknown Shelf Life
60-644-6596,Trout,89,96,14-02-2025,05-01-2025,10-11-2024,,-353,791.3447442,✅ Safe
58-005-5343,Cucumber,38,89,27-05-2024,03-05-2024,21-08-2024,86.0,-434,503.6275588,⚠️ Unknown Shelf Life
67-382-4435,Green Beans,99,46,25-07-2024,21-12-2024,02-03-2024,,-606,252.4483422,⚠️ Unknown Shelf Life
09-335-7793,Powdered Sugar,66,30,18-09-2024,07-09-2024,01-06-2024,,-515,393.2003172,✅ Safe
46-496-2930,Pomegranate,66,85,27-04-2024,26-10-2024,14-08-2024,109.0,-441,456.4084181,✅ Safe
35-353-4068,Bread Flour,64,33,26-12-2024,18-12-2024,05-07-2024,,-481,371.6149565,⚠️ Unknown Shelf Life
45-050-4720,Black Rice,18,85,04-01-2025,05-07-2024,13-03-2024,,-595,441.6235088,✅ Safe
87-104-0187,Whole Wheat Flour,86,52,06-04-2024,28-05-2024,05-02-2025,305.0,-266,373.9211527,✅ Safe
85-806-8672,Black Tea,35,39,05-04-2024,12-10-2024,21-11-2024,230.0,-342,434.6932809,✅ Safe
54-281-3746,Green Beans,26,36,07-09-2024,10-03-2024,03-11-2024,57.0,-360,252.4483422,⚠️ Unknown Shelf Life
35-257-9312,Parmesan Cheese,80,100,18-08-2024,12-10-2024,06-04-2024,,-571,395.576185,⚠️ Unknown Shelf Life
63-897-8088,Zucchini,63,35,09-01-2025,07-06-2024,16-10-2024,,-378,271.888665,⚠️ Unknown Shelf Life
24-986-5091,Vanilla Biscuit,89,83,12-05-2024,25-06-2024,14-08-2024,94.0,-441,788.0435728,⚠️ Unknown Shelf Life
17-504-3699,Sweet Potato,80,98,08-10-2024,15-06-2024,17-08-2024,,-438,678.9999241,✅ Safe
23-395-3157,Vegetable Oil,41,55,18-02-2025,30-07-2024,16-03-2024,,-592,305.1998595,⚠️ Unknown Shelf Life
28-107-4953,Chocolate Biscuit,53,82,29-03-2024,12-11-2024,18-10-2024,203.0,-376,650.0817596,✅ Safe
46-083-7058,Haddock,61,34,08-01-2025,27-08-2024,09-06-2024,,-507,360.9852506,✅ Safe
68-436-1268,Egg (Duck),70,95,30-11-2024,17-08-2024,11-07-2024,,-475,442.9710551,⚠️ Unknown Shelf Life
93-198-5984,Mango,73,50,05-11-2024,14-05-2024,17-09-2024,,-407,364.7507447,✅ Safe
24-571-1080,Kale,60,21,07-06-2024,21-02-2025,11-04-2024,,-566,189.6823622,⚠️ Unknown Shelf Life
73-874-7534,Pomegranate,88,72,05-11-2024,08-11-2024,18-12-2024,43.0,-315,456.4084181,✅ Safe
07-337-9889,Cauliflower,95,49,31-12-2024,15-08-2024,29-09-2024,,-395,479.4498714,✅ Safe
28-197-9246,Powdered Sugar,47,22,10-03-2024,11-07-2024,23-05-2024,74.0,-524,393.2003172,✅ Safe
83-400-9746,Mozzarella Cheese,24,58,18-11-2024,12-07-2024,29-02-2024,,-608,387.0535864,✅ Safe
24-579-6500,Anchovies,93,81,22-04-2024,12-06-2024,04-09-2024,135.0,-420,452.8453238,✅ Safe
64-418-8356,Sunflower Oil,80,98,21-01-2025,13-11-2024,28-04-2024,,-549,686.0000721,⚠️ Unknown Shelf Life
15-884-7413,Apple,77,63,22-06-2024,23-05-2024,16-04-2024,,-561,368.9183574,⚠️ Unknown Shelf Life
79-494-2472,Green Beans,42,39,09-01-2025,19-04-2024,23-04-2024,,-554,252.4483422,⚠️ Unknown Shelf Life
36-177-0573,Egg (Turkey),92,78,27-08-2024,02-10-2024,13-04-2024,,-564,440.8905708,✅ Safe
79-920-2395,Mushrooms,81,92,26-05-2024,08-05-2024,16-07-2024,51.0,-470,474.4229535,⚠️ Unknown Shelf Life
96-961-2193,Jasmine Rice,46,36,10-10-2024,16-08-2024,10-11-2024,31.0,-353,227.4875772,⚠️ Unknown Shelf Life
69-578-7930,Brown Rice,44,44,14-07-2024,18-03-2024,05-06-2024,,-511,349.2889915,✅ Safe
40-205-8252,Multigrain Bread,38,45,14-06-2024,05-10-2024,14-07-2024,30.0,-472,352.8990429,✅ Safe
18-107-7886,Evaporated Milk,64,74,05-11-2024,07-11-2024,27-02-2024,,-610,507.9311748,⚠️ Unknown Shelf Life
35-328-8392,Long Grain Rice,39,20,29-04-2024,18-03-2024,21-04-2024,,-556,239.0972269,⚠️ Unknown Shelf Life
21-650-9319,White Bread,42,67,28-03-2024,28-01-2025,24-04-2024,27.0,-553,481.9265346,⚠️ Unknown Shelf Life
99-894-4351,White Sugar,29,58,27-10-2024,24-02-2025,25-12-2024,59.0,-308,380.5930022,⚠️ Unknown Shelf Life
63-168-6018,Cucumber,60,74,26-01-2025,03-10-2024,01-05-2024,,-546,503.6275588,⚠️ Unknown Shelf Life
26-000-1012,Parmesan Cheese,65,69,30-11-2024,29-11-2024,12-04-2024,,-565,395.576185,⚠️ Unknown Shelf Life
13-900-9016,Bell Pepper,89,38,10-06-2024,06-01-2025,19-09-2024,101.0,-405,416.2354092,✅ Safe
88-408-0310,Corn Oil,50,28,30-06-2024,31-03-2024,26-08-2024,57.0,-429,357.5611631,✅ Safe
73-997-6251,Bell Pepper,94,44,04-01-2025,15-10-2024,17-09-2024,,-407,416.2354092,✅ Safe
50-679-2072,Canola Oil,97,82,06-10-2024,03-05-2024,30-05-2024,,-517,457.3446442,✅ Safe
89-673-1543,Digestive Biscuit,72,85,10-11-2024,28-03-2024,03-01-2025,54.0,-299,484.3173744,✅ Safe
56-937-8675,Cream,62,41,21-09-2024,31-05-2024,08-12-2024,78.0,-325,482.8654731,⚠️ Unknown Shelf Life
14-836-2894,Apple,44,41,08-03-2024,11-01-2025,25-09-2024,201.0,-399,368.9183574,⚠️ Unknown Shelf Life
87-903-3486,Peanut Oil,21,79,30-07-2024,10-09-2024,29-02-2024,,-608,428.7018621,⚠️ Unknown Shelf Life
07-617-6934,Coconut Sugar,91,48,31-03-2024,21-12-2024,16-11-2024,230.0,-347,437.170979,✅ Safe
31-403-6234,Tuna,87,22,20-05-2024,24-11-2024,04-05-2024,,-543,295.9060351,✅ Safe
29-092-3453,Spinach,61,31,22-05-2024,07-05-2024,17-06-2024,26.0,-499,321.6063666,⚠️ Unknown Shelf Life
34-709-9237,Carrot,61,26,27-10-2024,13-03-2024,24-04-2024,,-553,382.8071703,✅ Safe
13-962-6263,Sweet Potato,49,97,01-12-2024,23-12-2024,18-11-2024,,-345,678.9999241,✅ Safe
06-731-2162,Lemon,87,61,07-04-2024,07-10-2024,19-07-2024,103.0,-467,360.7912653,⚠️ Unknown Shelf Life
10-768-2443,Multigrain Bread,93,56,11-02-2025,05-03-2024,19-12-2024,,-314,352.8990429,✅ Safe
36-372-2295,Basmati Rice,55,37,26-04-2024,22-10-2024,14-04-2024,,-563,453.1698104,✅ Safe
34-538-1180,Sour Cream,29,23,29-05-2024,03-11-2024,06-04-2024,,-571,160.9998443,✅ Safe
98-148-0940,Egg (Chicken),63,67,17-04-2024,02-04-2024,05-11-2024,202.0,-358,494.7279645,⚠️ Unknown Shelf Life
38-390-2115,Potato,42,43,19-01-2025,06-03-2024,01-03-2024,,-607,25.07746456,⚠️ Unknown Shelf Life
02-974-8526,Onion,74,97,26-12-2024,05-04-2024,07-08-2024,,-448,365.8198818,✅ Safe
29-377-7040,Short Grain Rice,22,68,11-04-2024,29-05-2024,29-07-2024,109.0,-457,434.9630961,⚠️ Unknown Shelf Life
84-327-7787,Egg (Chicken),83,94,14-08-2024,26-08-2024,06-09-2024,23.0,-418,494.7279645,⚠️ Unknown Shelf Life
82-231-4245,Wild Rice,32,69,18-10-2024,28-08-2024,16-01-2025,90.0,-286,423.4302664,✅ Safe
70-005-5970,Apple,84,66,18-05-2024,02-10-2024,24-12-2024,220.0,-309,368.9183574,⚠️ Unknown Shelf Life
63-936-0145,Plum,22,70,09-04-2024,08-06-2024,03-12-2024,238.0,-330,425.9229179,✅ Safe
08-196-2703,Peas,100,86,08-03-2024,29-11-2024,17-10-2024,223.0,-377,476.6133019,⚠️ Unknown Shelf Life
22-778-3553,Cheddar Cheese,36,30,10-04-2024,24-10-2024,09-02-2025,305.0,-262,445.8193389,✅ Safe
37-610-1999,Halibut,14,71,14-03-2024,19-10-2024,19-10-2024,219.0,-375,492.4372517,⚠️ Unknown Shelf Life
09-618-2842,White Sugar,38,52,29-12-2024,21-03-2024,06-08-2024,,-449,380.5930022,⚠️ Unknown Shelf Life
28-968-4195,Eggplant,97,22,19-01-2025,17-07-2024,13-10-2024,,-381,257.4258526,✅ Safe
55-680-0982,Green Tea,64,25,28-05-2024,14-01-2025,19-08-2024,83.0,-436,400.1817015,⚠️ Unknown Shelf Life
43-851-9440,Lime,14,100,24-12-2024,11-05-2024,04-03-2024,,-604,736.2266094,⚠️ Unknown Shelf Life
14-331-3739,Avocado Oil,24,99,10-04-2024,15-10-2024,28-03-2024,,-580,352.6690113,✅ Safe
54-830-6971,Tilapia,100,85,21-09-2024,25-12-2024,18-05-2024,,-529,580.0704633,⚠️ Unknown Shelf Life
53-008-2419,Jasmine Rice,62,31,03-04-2024,10-04-2024,27-05-2024,54.0,-520,227.4875772,⚠️ Unknown Shelf Life
39-358-3340,Basmati Rice,71,60,27-08-2024,25-03-2024,14-03-2024,,-594,453.1698104,✅ Safe
28-146-2641,Parmesan Cheese,38,35,01-04-2024,21-12-2024,08-04-2024,7.0,-569,395.576185,⚠️ Unknown Shelf Life
83-556-0996,Powdered Sugar,88,95,27-12-2024,20-02-2025,30-10-2024,,-364,393.2003172,✅ Safe
53-805-9523,Sourdough Bread,40,54,02-07-2024,19-03-2024,14-05-2024,,-533,382.1733715,⚠️ Unknown Shelf Life
82-977-7752,Spinach,88,58,06-09-2024,28-12-2024,04-11-2024,59.0,-359,321.6063666,⚠️ Unknown Shelf Life
62-393-9939,Cheddar Cheese,60,95,01-06-2024,02-06-2024,05-10-2024,126.0,-389,445.8193389,✅ Safe
31-745-6850,Cabbage,94,98,03-10-2024,24-10-2024,01-11-2024,29.0,-362,390.2796614,✅ Safe
86-692-2312,Avocado Oil,30,22,11-06-2024,07-12-2024,30-04-2024,,-547,352.6690113,✅ Safe
28-044-4102,Papaya,19,91,26-11-2024,01-03-2024,27-08-2024,,-428,703.5016254,✅ Safe
